{
    "title": "Kiếm Tại Giang Hồ",
    "description": "Thất Tinh kiếm mỗi một lần xuất hiện, chỉ biết ở trên giang hồ nhấc lên gió tanh mưa máu, có người nói, trong thanh kiếm này cất giấu một quyển thiên hạ vô song bí tịch võ công, cũng có người nói, thanh kiếm này quan hệ một phần phú khả địch quốc bảo tàng, nhưng chỉ biết chính là, mỗi một cái Thất Tinh kiếm chủ nhân cuối cùng cũng c·hết ở dưới Thất Tinh kiếm.\nHắn là Thuần Dương dưới Thanh Hư môn thủ tịch đại đệ tử, cũng là cả Thuần Dương một môn đồng lứa nhỏ tuổi đại sư huynh, cuối cùng lại trở thành lần này Thất Tinh kiếm xuất thế chủ nhân, đọc ra sư môn, tiến vào Ác Nhân cốc, cũng là thật tâm mong muốn?\nTam sinh đường, có thể hay không quay đầu.",
    "author": "Phong Ảnh Vân Ảnh",
    "cover_url": "https://static.cdnno.com/poster/kiem-tai-giang-ho/300.jpg?1761841601",
    "main_category_id": 1010,
    "category_ids": [
        3004
    ],
    "embedded_from": "metruyencv.biz",
    "embedded_from_url": "https://metruyencv.biz/truyen/kiem-tai-giang-ho",
    "comic_status": "Còn tiếp"
}