{
    "title": "Ta Thành Đế Kim Thủ Chỉ Mới Đến",
    "description": "Không phải đâu, không phải đâu, ta cũng chứng đạo xưng đế, người xuyên việt hack mới đến sổ sách? Giá sách",
    "author": "Thiên Nhai Nguyệt Chiếu Kim",
    "cover_url": "https://static.cdnno.com/poster/ta-thanh-de-kim-thu-chi-moi-den/300.jpg?1609319916",
    "main_category_id": 1002,
    "category_ids": [
        2003,
        3035
    ],
    "embedded_from": "metruyencv.biz",
    "embedded_from_url": "https://metruyencv.biz/truyen/ta-thanh-de-kim-thu-chi-moi-den",
    "comic_status": "Còn tiếp"
}