{
    "title": "Không Được Thích Làm Gì Thì Làm Cũng Gọi Là Trùng Sinh?",
    "description": "Quyển sách lại tên « trùng sinh 2010, ta đọc liền có thể học kỹ năng »\nTrùng sinh 2010 Giang Tầm, đọc liền có thể học kỹ năng, còn có thể thêm thuộc tính.\nTừ đây học tập cùng kiếm tiền đều thành đơn giản hình thức.\nThuần thích? Đúng vậy, ta cùng với các nàng đều là rất thuần khiết tình yêu.\nVới ai đợi cùng một chỗ thời điểm cũng chỉ yêu nàng một cái, đây mới gọi là một lòng.",
    "author": "Bất Thị Thỏ Nhĩ Đóa",
    "cover_url": "https://static.cdnno.com/poster/khong-duoc-thich-lam-gi-thi-lam-cung-goi-la-trung-sinh/300.jpg?1754509730",
    "main_category_id": 1005,
    "category_ids": [
        2001,
        3017,
        4001
    ],
    "embedded_from": "metruyencv.biz",
    "embedded_from_url": "https://metruyencv.biz/truyen/khong-duoc-thich-lam-gi-thi-lam-cung-goi-la-trung-sinh",
    "comic_status": "Còn tiếp"
}