{
    "title": "Ta Vô Tận Nhân Sinh",
    "description": "Lý Kỳ xuyên qua .\nKhông chỉ có xuyên qua , hắn còn phát hiện chính mình c·hết về sau liền sẽ chuyển sinh, đồng thời một thế này thiên phú còn có thể đưa đến đời sau.\nChỉ bất quá chuyển thế không có mấy lần, Lý Kỳ liền phát hiện cái vấn đề nhỏ.\nHắn... Mỗi một thế giống như đều không có sống qua 20 tuổi.\nThế là, Lý Kỳ cho mình định một cái mục tiêu nhỏ.\nĐầu tiên sống qua 20 tuổi, sau đó ——\nNghĩ biện pháp tại nào đó một thế... Còn sống lâu dài!.........\nQuyển sách lại tên « ta có thể Vô Hạn Chuyển Sinh » « Vô Hạn Chuyển Sinh: Dần dần trở thành mạnh nhất » « mỗi một thế ta đều sống không quá 20 tuổi có phải hay không có chút vấn đề »...\nÂm nhạc thế giới, dân cờ bạc thế giới, ma pháp （ c·hiến t·ranh ） thế giới, thám hiểm （ mê vụ ） thế giới, Võ Đạo （ yêu ma ） thế giới, tận thế thế giới, tinh tế thế giới, thế giới tu tiên......\nChú ý: Tác hay viết cảm thán của nhân vật chỉ bằng dấu kiểu \"?\" \"...\" \"!\" không biết audio có đọc không. các bạn nghe audio lưu ý điều này.",
    "author": "Hoa Sinh Kê Thối",
    "cover_url": "https://static.cdnno.com/poster/ta-vo-tan-nhan-sinh/300.jpg?1759314170",
    "main_category_id": 1011,
    "category_ids": [
        2001,
        4007
    ],
    "embedded_from": "metruyencv.biz",
    "embedded_from_url": "https://metruyencv.biz/truyen/ta-vo-tan-nhan-sinh",
    "comic_status": "Còn tiếp"
}