{
    "title": "Đại Đạo Chi Thượng",
    "description": "Gia gia của ta rất cổ quái, hắn mỗi ngày cho mình dâng hương, đứng tại trước linh vị của mình ăn ngọn nến.\nNgười trong thôn đều rất sợ gia gia.\nTa cũng rất sợ gia gia.\nVề sau ta mới phát hiện, bọn hắn sợ sệt không phải gia gia, mà là ta.\nGia gia cũng rất sợ ta.\n. . .\nTa gọi Trần Thực.\nTrần trong thành thật, Thực trong đàng hoàng .",
    "author": "Trạch Trư",
    "cover_url": "https://static.cdnno.com/poster/dai-dao-chi-thuong/300.jpg?1717907386",
    "main_category_id": 1002,
    "category_ids": [
        2001,
        3001,
        4006
    ],
    "embedded_from": "https://metruyencv.biz",
    "embedded_from_url": "https://metruyencv.biz/truyen/dai-dao-chi-thuong",
    "comic_status": "Còn tiếp"
}