{
    "title": "Kỵ Sĩ: Từ Thợ Rèn Học Đồ Bắt Đầu Vô Hạn Kiêm Chức",
    "description": "Theo ma triều quay lại, phân tranh cùng t·ử v·ong lại lần nữa quét sạch đại địa. Dị tộc quật khởi, cự long rít gào, Thâm Uyên ác ma rục rịch. Siêu phàm đám người lấy xác phàm khống chế thần uy, tham lam mơ ước chư thần cấm vực, lại không biết yên lặng vạn cổ thần minh, đã mở mắt ra. Tại như thế rung chuyển niên đại, nhân vật chính Roland bằng vào đặc hữu chức nghiệp bảng, đột phá thông thường chuyển chức hạn chế, thu hoạch được hiệu quả đặc biệt. 【 thợ rèn học đồ 】 —— 【 khiêm tốn học đồ 】 【 tân binh 】 —— 【 chuẩn bị chiến đấu 】 【 nghiên tập người 】 —— 【 chuyên chú 】 không chỉ có như thế, khác biệt chức nghiệp ở giữa sẽ còn phát động cộng minh, thu hoạch được ngoài định mức tăng thêm. 【 thợ rèn học đồ 】+ 【 tân binh 】= 【 bách luyện thành cương 】 【 thợ rèn học đồ 】+ 【 nghiên tập người 】= 【 chuẩn hoá sản xuất 】 【 tân binh 】+ 【 nghiên tập người 】= 【 lý luận cùng thực tiễn 】 mỗi một con đường dẫn đều thông hướng không biết sức mạnh, mà mỗi một lần đột phá, đều để hắn cách phàm tục gông cùm xiềng xích càng xa một bước. Thân kiêm số chức, sống tạm loạn thế? Không! Toàn trí toàn năng, lập với thế giới chi đỉnh!",
    "author": "Lục Nguyệt Cửu",
    "cover_url": "https://static.cdnno.com/poster/ky-si-tu-tho-ren-hoc-do-bat-dau-vo-han-kiem-chuc/300.jpg?1755325410",
    "main_category_id": 1002,
    "category_ids": [
        2001,
        3002,
        4007
    ],
    "embedded_from": "metruyencv.biz",
    "embedded_from_url": "https://metruyencv.biz/truyen/ky-si-tu-tho-ren-hoc-do-bat-dau-vo-han-kiem-chuc",
    "comic_status": "Còn tiếp"
}