{
    "title": "Đại Đường, Vợ Ta Võ Tắc Thiên",
    "description": "Năm công nguyên thứ 655 tháng mười, Đường Cao Tông phế Vương Lập võ, Võ Chiêu Nghi tiến phong hoàng hậu.\nVương hoàng hậu cùng Tiêu Thục phi bị giáng chức thứ dân, ở trong lãnh cung hoảng hốt không biết cả ngày, chờ đợi các nàng chính là cùng \"Nhân trệ\" cùng nổi danh \"Cốt túy\" h·ình p·hạt.\nTrưởng Tôn Vô Kỵ lui khỏi vị trí phía sau màn, vẫn chưa từ bỏ ý định, cùng Quan Lũng các quý tộc âm thầm trù mưu, tìm kiếm phế bỏ Võ Tắc Thiên hoàng hậu vị.\nHứa Kính Tông, Lý Nghĩa Phủ chờ ôm võ phái quan viên xoa tay nắn quyền, chuẩn bị bằng ôm lập hoàng hậu công, nhập các làm thịt chuyện, phong hầu bái tướng.\nMột trận đột nhiên xuất hiện đầu tật, để cho Đường Cao Tông Lý Trị lâm vào hôn mê, khi hắn lần nữa khi tỉnh lại, Đại Đường tất cả mọi người số mạng, đều sẽ phát sinh thay đổi.",
    "author": "Tả Bách Hộ",
    "cover_url": "https://static.cdnno.com/poster/dai-duong-vo-ta-vo-tac-thien/300.jpg?1754470534",
    "main_category_id": 1007,
    "category_ids": [
        2006,
        3003,
        4015
    ],
    "embedded_from": "https://metruyencv.biz",
    "embedded_from_url": "https://metruyencv.biz/truyen/dai-duong-vo-ta-vo-tac-thien",
    "comic_status": "Còn tiếp"
}