{
    "title": "Thần Thám: Từ Cảnh Sát Học Viện Bắt Đầu",
    "description": "La Duệ sau khi tỉnh lại, người tại quán trọ nhỏ, xui xẻo là trên giường còn ngủ một cái tiểu tỷ tỷ.\n\"Cảnh sát thúc thúc, ta thật cái gì cũng không làm!\"\n\"Ngươi nói tiếp, ta nghe. . .\"\nNgười tại 2006 năm, vừa trọng sinh, đeo vòng tay bạc, online chờ, rất cấp bách!\nLàm một cái chính nghĩa người trẻ tuổi, La Duệ quyết định quét gian trừ ác, dẫn đầu cảnh sát đi khắp toàn thành phố phố lớn ngõ nhỏ, phi pháp nơi chốn, xông xáo \"Đoạt Mệnh Đảo\" . . .\nNgươi hỏi ta đối với mấy cái này địa phương làm sao quen thuộc như vậy?\nChớ nói nhảm, ta không phải, ta không có. . .\nMột cô gái, ôm ấp mèo đen, c·hết trong phòng. . .\nCùng một chỗ liên hoàn vụ án b·ắt c·óc, bọn c·ướp yêu cầu lưỡng tuyến giao tiền chuộc, theo thứ tự là 100 vạn cùng 10 vạn, bọn c·ướp sẽ xuất hiện tại bên nào lấy tiền?\n. . .\nTội ác vực sâu là vô tận, La Duệ quyết định nhảy vào vực sâu!\n\"Đối đãi t·ội p·hạm nhất định không nên cười!\"\n\"Không, ta sẽ cười lấy đem bọn hắn đưa vào Địa Ngục!\"",
    "author": "Kinh Ương Cập Trì Ngư",
    "cover_url": "https://static.cdnno.com/poster/than-tham-tu-canh-sat-hoc-vien-bat-dau/300.jpg?1748730838",
    "main_category_id": 1005,
    "category_ids": [
        2002,
        3017,
        4010
    ],
    "embedded_from": "metruyencv.biz",
    "embedded_from_url": "https://metruyencv.biz/truyen/than-tham-tu-canh-sat-hoc-vien-bat-dau",
    "comic_status": "Còn tiếp"
}