{
    "title": "Comic: Cha Ta Superman, Ta Chỉ Là Npc?",
    "description": "Xuyên qua là một kiện chuyện tốt.\nMà xuyên qua thế giới comic như vậy lại rất khó nói bản thân thành niên còn không có c·hết, hay là trở thành con nuôi của Superman Clark cũng tính toán có một cái núi dựa lớn.\n\"Nhưng ta vì cái gì luôn cảm giác như vậy ngược lại càng nguy hiểm?\" Ian nhìn hướng giao diện cá nhân của bàn tay vàng bản thân, phía trên thân phận một cột chữ 【 NPC 】 rõ ràng khiến hắn cảm giác nguy cơ đầy đủ.\nCái này không phải liền là thỏa thỏa mẫu dùng tới tế thiên, kích phát người nhà tiềm lực cùng thiên phú? Ian cảm giác bản thân tràn ngập nguy hiểm, may mà hắn có thể không ngừng thức tỉnh chức nghiệp khác nhau tăng lên thực lực của bản thân.\nChỉ bất quá.\nĐiều kiện chuyển chức cùng tiến giai của những nghề nghiệp này đều là rất là kỳ hoa.\n\"Cha, ngươi nghe ta nói, nguyên nhân mà ta ăn hết Doomsday rất phức tạp. . . Phải hình dung như thế nào đâu, tựa như là ta lần trước b·ắt c·óc Supergirl đồng dạng phức tạp.\"\n\"Ai! Đừng đánh! Trước đừng đánh ta. . . Bà nội ta kêu Martha, ta cũng có thể cầu mẹ đổi tên kêu Martha. . . Tê! Cái gì gọi là không cần nhiều lời khiến ta nhìn thẳng mắt đỏ của ngươi?\"\nNgười trẻ tuổi ngủ liền là tốt.\nBị cha già trừng mắt một cái ngã đầu liền ngủ.",
    "author": "Chu Quả Ngận Hồng",
    "cover_url": "https://static.cdnno.com/poster/comic-cha-ta-superman-ta-chi-la-npc/300.jpg?1746627220",
    "main_category_id": 1006,
    "category_ids": [
        2003,
        3051,
        4007
    ],
    "embedded_from": "metruyencv.biz",
    "embedded_from_url": "https://metruyencv.biz/truyen/comic-cha-ta-superman-ta-chi-la-npc",
    "comic_status": "Còn tiếp"
}