{
    "title": "Nhân Cách Phân Liệt Ta, Thức Tỉnh Không Biết Danh Sách",
    "description": "【 Ta cảm thấy thế giới này là giả, ta muốn đi chứng kiến thế giới chân thật.】\n【 Khi ngươi thấy đoạn văn này, ta đ·ã c·hết, nhưng ta sẽ tiếp tục dõi theo các ngươi từ bất cứ nơi nào!】\n【Ta tên Dương Phong, Phong trong Phong Diệp, không phải Phong trong Phong Tử.】",
    "author": "Phụ Cô",
    "cover_url": "https://static.cdnno.com/poster/nhan-cach-phan-liet-ta-thuc-tinh-khong-biet-danh-sach/300.jpg?1759801811",
    "main_category_id": 1003,
    "category_ids": [
        2006,
        3036,
        4036
    ],
    "embedded_from": "metruyencv.biz",
    "embedded_from_url": "https://metruyencv.biz/truyen/nhan-cach-phan-liet-ta-thuc-tinh-khong-biet-danh-sach",
    "comic_status": "Còn tiếp"
}