{
    "title": "Cổ Long Thế Giới Bên Trong Đệ Nhất Thâm Tình",
    "description": "【 Hải Vương văn! Thâm tình ngạnh! Tuyệt không phải liếm chó! 】\nTài phú, quyền lợi, danh khí, thiên hạ đệ nhất. . .\nĐây là thuộc về nhân vật chính thời đại.\nBất quá đối với Phương Vân Hoa tới nói, hắn càng ưa thích ngồi xem nhân vật chính lật mưa che mây, dù sao tại thu hoạch vinh quang trước đó, trước muốn gánh vác đủ nhiều cực khổ.\nLại một lần nhân sinh đã là không dễ, còn không bằng để cho mình ăn nhiều một chút ngọt, đương nhiên hắn răng lợi không tính quá tốt, mềm một điểm cũng ăn được hạ.",
    "author": "Thanh Vân Bảo Phiến",
    "cover_url": "https://static.cdnno.com/poster/co-long-the-gioi-ben-trong-de-nhat-tham-tinh/300.jpg?1756140231",
    "main_category_id": 1006,
    "category_ids": [
        2003,
        3002
    ],
    "embedded_from": "metruyencv.biz",
    "embedded_from_url": "https://metruyencv.biz/truyen/co-long-the-gioi-ben-trong-de-nhat-tham-tinh",
    "comic_status": "Còn tiếp"
}