{
    "title": "Ngạo Thế Tiềm Long",
    "description": "Giấu mũi gươm, an hồn trung liệt, ra khỏi vỏ trấn sơn hà! Trở về đô thị, Vương Đông làm lên ca đêm lái xe, từ đó nhân sinh của hắn như cá gặp nước. . .",
    "author": "Tây Trang Bạo Đồ",
    "cover_url": "https://static.cdnno.com/poster/ngao-the-tiem-long/300.jpg?1747982984",
    "main_category_id": 1005,
    "category_ids": [
        3017
    ],
    "embedded_from": "metruyencv.biz",
    "embedded_from_url": "https://metruyencv.biz/truyen/ngao-the-tiem-long",
    "comic_status": "Còn tiếp"
}