{
    "title": "Đại Đường Hoàng Trưởng Tôn: Hoàng Gia Gia! Ngươi Ăn Gà Rán Sao",
    "description": "Lý Dịch xuyên việt mà đến, trở thành Lý Thế Dân Trưởng Tôn! Thu hoạch được lão già bạo bảo rương hệ thống, khóa lại Lý Thế Dân, chỉ cần làm lão Lý tâm tính, liền có thể phát động bảo rương rơi xuống!\nLý Dịch: \"Hoàng gia gia, ngươi ăn gà rán sao?\"\nLý Thế Dân: \"Ngoan đại tôn, hoàng gia gia không ăn!\"\nLý Dịch: \"Vậy ta ăn!\"\nLý Thế Dân: \"Ngoan đại tôn, ngươi ăn quả vải sao?\"\nLý Dịch: \"Ăn!\"\nLý Thế Dân: \"Đại tôn, ngươi gần nhất học tập thế nào a?\"\nLý Dịch: \"Hoàng gia gia, nói bao nhiêu lần, tại bên ngoài muốn xứng chức vụ.\"\nLý Thế Dân: \"Đại tôn, hôm nay hoàng gia gia kiểm tra một chút ngươi! Học mà thì tập chi, đằng sau là cái gì?\"\nLý Dịch: \"Là cũng không nói quá! Quá đơn giản rồi, hoàng gia gia, ta cũng kiểm tra một chút ngươi!\"\nLý Thế Dân: \"Đại tôn, ngươi nói!\"\nLý Dịch: \"Tần Vương quấn trụ, chạy vài vòng?\"\nLý Thế Dân: \"Đại tôn, hoàng gia gia nếu như bị một cái đặc biệt lợi hại người cát, ngươi biết thay hoàng gia gia báo thù sao?\"\nLý Dịch: \"Giết gia mối thù, không đội trời chung! Hoàng gia gia, chúng ta kể từ hôm nay đoạn tuyệt ông cháu quan hệ!\"\nLý Thế Dân: \"Đại tôn, hoàng gia gia tại vị những năm này, có thể được xưng tụng là thịnh thế sao?\"\nLý Dịch: Hoàng gia gia, ngươi liền tính đem Trinh Quan trị thành thiên hạ đệ nhất thịnh thế, sách sử cũng sẽ không ghi chép ngươi là thuận vị kế thừa đát!\nLý Thế Dân: ? ? ?\nTê, đây 60 cân đại tôn, 59 cân phản cốt?\nQuyển sách lại tên « Đại Đường hoàng trưởng tôn: Lão già, bạo kim tệ! », « Đại Đường: Cháu ngoan hiếu c·hết hoàng gia gia! », « Đại Đường: Ta, hoàng trưởng tôn, Hỗn Thế Ma Vương! »",
    "author": "Ba La Mật Đa Dương",
    "cover_url": "https://static.cdnno.com/poster/dai-duong-hoang-truong-ton-hoang-gia-gia-nguoi-an-ga-ran-sao/300.jpg?1758596369",
    "main_category_id": 1007,
    "category_ids": [
        2001,
        3001,
        4028
    ],
    "embedded_from": "https://metruyencv.biz",
    "embedded_from_url": "https://metruyencv.biz/truyen/dai-duong-hoang-truong-ton-hoang-gia-gia-nguoi-an-ga-ran-sao",
    "comic_status": "Còn tiếp"
}