{
    "noi-ung-moc-diep-bai-lo-cap-tren-cung-da-chet-nen-lam-gi-tiep-theo": "https://static.cdnno.com/storage/topbox/bf2ef5b625915144fbd1d9e8182b89c5.webp",
    "nho-nho-khu-ma-nhan-tu-vo-quan-di-ra-tru-ta-su": "https://static.cdnno.com/storage/topbox/bbf1ff542954f36413b92d6b0250611e.webp",
    "tu-day-kho-a-co-bat-dau-thanh-vi-tu-ban": "https://static.cdnno.com/storage/topbox/7486ab0ea2d807c436b95beac975ac37.webp",
    "tro-lai-2009-ta-lam-lai-cuoc-doi": "https://static.cdnno.com/storage/topbox/f1958c13787f6dbe1b6f557532d96d59.webp",
    "tro-lai-co-dai-nhan-sam-doi-lao-ba": "https://static.cdnno.com/storage/topbox/52d05fb21f0d385d75f55e371720d2f3.webp",
    "pokemon-cai-nay-nha-huan-luyen-chi-muon-tu-tien": "https://static.cdnno.com/storage/topbox/5f324aed1983b2ca6ffed4dd72bf1f0d.webp",
    "con-ta-nhanh-dot-pha": "https://static.cdnno.com/storage/topbox/43e0c1e90f120eeaabd2c9a75a9730b2.webp",
    "hokage-nguoi-o-lang-la-tro-thanh-uzumaki-menma": "https://static.cdnno.com/storage/topbox/cd6a915c54d091f8a5acddf95d59deef.webp",
    "linh-dac-chung-tu-hoa-phuong-hoang-bat-dau": "https://static.cdnno.com/storage/topbox/689ec401c6e15c6dff1f9b520230c4b2.webp",
    "tro-ve-1996-bat-dau-tu-cho-lon-giang-ho-ban-thit-heo-1": "https://static.cdnno.com/storage/topbox/1647180dc45c4ce2d2c51e626ae88ee4.webp",
    "chay-nui-khe-uoc-manh-thu-nhan-thau-ca-toa-nui-lon": "https://static.cdnno.com/storage/topbox/9268387376678316efa872a89e4ce951.webp"
}