{
    "tam-quoc-tu-giao-chau-bat-dau": "https://static.cdnno.com/storage/topbox/82d2aff3506807714550810761506205.webp",
    "hokage-nguoi-o-lang-la-tro-thanh-uzumaki-menma": "https://static.cdnno.com/storage/topbox/cd6a915c54d091f8a5acddf95d59deef.webp",
    "ban-dao-so-luoc-thong-quyen-cuoc": "https://static.cdnno.com/storage/topbox/7e851e68a56aa74093a8bc4c8eaae727.webp",
    "trung-sinh-60-nam-mat-mua-di-san-thanh-than-vo-truoc-hoi-han-te": "https://static.cdnno.com/storage/topbox/2a977b40e5f0cd3ffa46c4f23adca60c.webp",
    "tu-day-kho-a-co-bat-dau-thanh-vi-tu-ban": "https://static.cdnno.com/storage/topbox/7486ab0ea2d807c436b95beac975ac37.webp",
    "moi-giay-mot-kho-lau-binh-ta-la-vong-linh-thien-tai": "https://static.cdnno.com/storage/topbox/d31511d9787ca35b48004d9d56d490a5.webp"
}