{
    "noi-ung-moc-diep-bai-lo-cap-tren-cung-da-chet-nen-lam-gi-tiep-theo": "https://static.cdnno.com/storage/topbox/bf2ef5b625915144fbd1d9e8182b89c5.webp",
    "nho-nho-khu-ma-nhan-tu-vo-quan-di-ra-tru-ta-su": "https://static.cdnno.com/storage/topbox/bbf1ff542954f36413b92d6b0250611e.webp",
    "tu-day-kho-a-co-bat-dau-thanh-vi-tu-ban": "https://static.cdnno.com/storage/topbox/7486ab0ea2d807c436b95beac975ac37.webp",
    "tro-lai-2009-ta-lam-lai-cuoc-doi": "https://static.cdnno.com/storage/topbox/f1958c13787f6dbe1b6f557532d96d59.webp",
    "tro-lai-co-dai-nhan-sam-doi-lao-ba": "https://static.cdnno.com/storage/topbox/52d05fb21f0d385d75f55e371720d2f3.webp",
    "pokemon-cai-nay-nha-huan-luyen-chi-muon-tu-tien": "https://static.cdnno.com/storage/topbox/5f324aed1983b2ca6ffed4dd72bf1f0d.webp"
}