{
    "tu-tam-bao-nhac-nho-bat-dau-thanh-than": "https://static.cdnno.com/storage/topbox/67766b2028b847af0966b4dffc0b831d.webp",
    "pokemon-cai-nay-nha-huan-luyen-chi-muon-tu-tien": "https://static.cdnno.com/storage/topbox/5f324aed1983b2ca6ffed4dd72bf1f0d.webp",
    "nhan-toc-tran-thu-su": "https://static.cdnno.com/storage/topbox/20eb26e240aeda885791e6bb14ab9687.webp",
    "nguoi-tai-dau-la-vo-hon-doa-lac-thien-su": "https://static.cdnno.com/storage/topbox/aa73fe8533b56800cd958e332659479b.webp",
    "bat-dau-da-tu-da-phuc-ta-che-tao-tuyet-the-tien-trieu": "https://static.cdnno.com/storage/topbox/29d119a20060fb4b2982596b06d97ee3.webp",
    "xuyen-ve-thoi-le-hon-quan-phiet": "https://static.cdnno.com/storage/topbox/a1fe576c7f81acbb5341a63b11f5d40b.webp",
    "dai-de-lao-cha-cho-qua-nhieu-he-thong-khong-phuc-da-hac-hoa": "https://static.cdnno.com/storage/topbox/ed48529c8ec1b0139f392d0875d0a64e.webp",
    "trung-sinh-60-nam-mat-mua-di-san-thanh-than-vo-truoc-hoi-han-te": "https://static.cdnno.com/storage/topbox/2a977b40e5f0cd3ffa46c4f23adca60c.webp",
    "bat-dau-sung-quan-bien-cuong-ta-so-thi-nhat-thuoc-tinh-phung-thien-tinh-nan": "https://static.cdnno.com/storage/topbox/0b1114fdf90c56d7ca52c08b112b850b.webp",
    "linh-dac-chung-tu-hoa-phuong-hoang-bat-dau": "https://static.cdnno.com/storage/topbox/689ec401c6e15c6dff1f9b520230c4b2.webp",
    "tro-lai-2009-ta-lam-lai-cuoc-doi": "https://static.cdnno.com/storage/topbox/f1958c13787f6dbe1b6f557532d96d59.webp",
    "tam-quoc-tu-giao-chau-bat-dau": "https://static.cdnno.com/storage/topbox/82d2aff3506807714550810761506205.webp"
}