{
    "trung-sinh-nan-doi-nien-dai-nang-dau-moi-ngay-nao-giam-beo": "https://static.cdnno.com/storage/topbox/9f2eedc09d95065464509a13a190d56b.webp",
    "tu-thang-cap-kien-truc-bat-dau-truong-sinh": "https://static.cdnno.com/storage/topbox/21351492a8e18a667bde8cb8c427d849.webp",
    "xuyen-ve-thoi-le-hon-quan-phiet": "https://static.cdnno.com/storage/topbox/a1fe576c7f81acbb5341a63b11f5d40b.webp",
    "nho-nho-khu-ma-nhan-tu-vo-quan-di-ra-tru-ta-su": "https://static.cdnno.com/storage/topbox/bbf1ff542954f36413b92d6b0250611e.webp",
    "tu-can-ba-den-hac-dao-kieu-hung": "https://static.cdnno.com/storage/topbox/948bb12de81d996af446c1631e43a71e.webp",
    "hogwarts-ta-tom-that-khong-phai-hac-ma-vuong": "https://static.cdnno.com/storage/topbox/1d632e57e8a2f2068e71ca1770f4d69d.webp",
    "con-ta-nhanh-dot-pha": "https://static.cdnno.com/storage/topbox/43e0c1e90f120eeaabd2c9a75a9730b2.webp",
    "ai-bao-han-choi-yu-gi-oh-a": "https://static.cdnno.com/storage/topbox/7314438a21bfddda5c7dee5152d9c1ba.webp",
    "nhan-toc-tran-thu-su": "https://static.cdnno.com/storage/topbox/20eb26e240aeda885791e6bb14ab9687.webp",
    "kiem-trieu": "https://static.cdnno.com/storage/topbox/96b39abe03cd489886cc19d69310abe4.webp",
    "moi-giay-mot-kho-lau-binh-ta-la-vong-linh-thien-tai": "https://static.cdnno.com/storage/topbox/d31511d9787ca35b48004d9d56d490a5.webp",
    "tu-tam-bao-nhac-nho-bat-dau-thanh-than": "https://static.cdnno.com/storage/topbox/67766b2028b847af0966b4dffc0b831d.webp",
    "tro-ve-1996-bat-dau-tu-cho-lon-giang-ho-ban-thit-heo-1": "https://static.cdnno.com/storage/topbox/1647180dc45c4ce2d2c51e626ae88ee4.webp",
    "truoc-gio-xuyen-thanh-phan-phai-buc-nhan-vat-chinh-mu-mu-sinh-hai-tu": "https://static.cdnno.com/storage/topbox/aef093a06cc16762574ffc68083ff5e3.webp"
}