{
    "title": "Con Cháu Đầy Đàn, Vô Tận Thọ Nguyên Đúc Thành Vạn Thế Tiên Tộc",
    "description": "( truyền thống huyền huyễn ) ( làm ruộng ) ( gia tộc tu tiên ) ( tiết tấu chậm ) ( cẩu đạo lưu ) ( không phải hậu cung ngựa giống văn )\nTruyền thống gia tộc tu tiên, tiết tấu nội dung cốt truyện phát triển lệch chậm, không thích có thể trực tiếp vẽ đi.\nTốt nghiệp đại học Lý Trầm Hải ngoài ý muốn q·ua đ·ời, đi vào một chỗ thế giới hoàn toàn xa lạ.\nỞ chỗ này, vương triều thống trị vạn dân, cây xương rồng cảnh khống chúng sinh!\nThức tỉnh gia tộc không gian hắn, chỉ cần không ngừng sinh sôi tử tôn liền có thể từ trên người bọn họ thu hoạch các loại ngạch thọ nguyên.\nVì thành tiên, Lý Trầm Hải cẩu đến cực hạn, uốn tại tiểu trấn bên trên làm ruộng phát dục, lợi dụng thọ nguyên mở linh điền, thôi diễn công pháp.\nTrưởng tử giáng sinh, hắn thành công bước vào cảnh giới võ đạo, trở thành một tên cao thủ tuyệt thế!\nThứ tử giáng sinh, hắn lợi dụng cơ sở hô hấp pháp thôi diễn ra luyện khí pháp môn, thành công bước vào tu tiên thế giới.\nTheo càng ngày càng nhiều hậu thế sinh ra, gia tộc thế lực cấp tốc mở rộng.\nNgàn vạn năm về sau, Thiên Đạo sụp đổ, các tộc Đại Đế tranh đoạt cuối cùng một tia phi thăng thời cơ lúc, Lý gia đã thành công chiếm lĩnh Tiên Đình, trở thành từ xưa tới nay, duy nhất đế tộc!",
    "author": "Ngôn Vi Bất Ngữ",
    "cover_url": "https://static.cdnno.com/poster/con-chau-day-dan-vo-tan-tho-nguyen-duc-thanh-van-the-tien-toc/300.jpg?1749526163",
    "main_category_id": 1002,
    "category_ids": [
        2002,
        3001,
        4028,
        5001
    ],
    "embedded_from": "https://metruyencv.biz",
    "embedded_from_url": "https://metruyencv.biz/truyen/con-chau-day-dan-vo-tan-tho-nguyen-duc-thanh-van-the-tien-toc",
    "comic_status": "Còn tiếp"
}