{
    "title": "Ta Tại Tiên Huyễn Mô Phỏng Vạn Giới",
    "description": "Xuyên qua mà đến, đối mặt cái này thần thoại tuyệt tích, chỉ tốt ở bề ngoài mà nguy hiểm nặng nề thế giới, Lý Hạo mở ra mô phỏng, qua cửa phó bản, từ trong đó thu hoạch các loại tài nguyên cùng ban thưởng.\nPhong vân long mạch, già thiên thánh thể, thục sơn kiếm đạo, đại uy thiên long!\n[ ngươi không hề ranh giới cuối cùng, tả hữu hoành khiêu, phản bội hảo hữu. . . Đạt được ban thưởng -- đại thánh phụ thể ]\n[ ngươi trảm yêu trừ ma, giữ gìn chính đạo, tận lực mà c·hết. . . Đạt được ban thưởng -- chúng sinh tụng niệm ]\nThánh là ngươi, ma là ngươi,\n. . .\nÂm phủ Minh phủ, không trọn vẹn Thiên đình\nPhật yên lặng ngàn năm, vừa mở mắt liền muốn đạp đất thượng phật quốc!\nÂm binh mượn đường, kéo dài vạn dặm không người dám nhiễu!\n(đã có 360 vạn chữ viết xong đại tinh phẩm [ hoàn hảo phân thân có thể đưa lên vạn giới ], chào mừng đánh giá)\nHệ thống lưu thoải mái",
    "author": "Đoàn Hựu Viên",
    "cover_url": "https://static.cdnno.com/poster/ta-tai-tien-huyen-mo-phong-van-gioi/300.jpg?1756535861",
    "main_category_id": 1002,
    "category_ids": [
        2007,
        3001,
        4028
    ],
    "embedded_from": "metruyencv.biz",
    "embedded_from_url": "https://metruyencv.biz/truyen/ta-tai-tien-huyen-mo-phong-van-gioi",
    "comic_status": "Còn tiếp"
}