{
    "title": "Tinh Tế: Từ Người Quét Dọn Bắt Đầu",
    "description": "Hồn xuyên thời đại vũ trụ, dương bác phát hiện có thể từ g·iết c·hết đối tượng bên trong ngẫu nhiên thu hoạch năng lực!\nGiết c·hết một đầu cá vàng, bơi lội +1!\nGiết c·hết một cái con dơi, sóng âm định vị +1!\nGiết c·hết một con chuột, động thái tầm mắt +1!",
    "author": "Đại Chủy Hà",
    "cover_url": "https://static.cdnno.com/poster/tinh-te-tu-cong-nhan-ve-sinh-bat-dau/300.jpg?1711559703",
    "main_category_id": 1003,
    "category_ids": [
        2006,
        3032,
        4001
    ],
    "embedded_from": "metruyencv.biz",
    "embedded_from_url": "https://metruyencv.biz/truyen/tinh-te-tu-cong-nhan-ve-sinh-bat-dau",
    "comic_status": "Còn tiếp"
}