{
    "title": "Bắt Đầu Thành Thánh Lại Làm Tới Cửa Con Rể",
    "description": "Xuất sinh thượng cổ thế gia Lâm gia Lâm Lang Thiên, tại từ trong bụng mẹ lúc b·ị c·ướp đoạt Đại Đạo thánh tâm, dẫn đến tiên thiên không đủ, không cách nào tu luyện, chỉ có thể làm người bình thường, bị Lâm gia đưa đến tam đại Hoang Cổ thế gia một trong Quân gia, làm ở rể....\nĐúng lúc này, thế kỷ 21 văn minh khoa học kỹ thuật tinh cầu, có một tên cô nhi, bởi vì thân hãm bệnh n·an y·, tuổi trẻ tiểu hỏa tử liền đi bò lên trên Thái sơn đỉnh núi, nhảy xuống....",
    "author": "Ám Tinh Đạm Nguyệt",
    "cover_url": "https://static.cdnno.com/poster/bat-dau-thanh-thanh-lai-lam-o-re/300.jpg?1739931481",
    "main_category_id": 1002,
    "category_ids": [
        2003,
        3001,
        4001,
        5001
    ],
    "embedded_from": "https://metruyencv.biz",
    "embedded_from_url": "https://metruyencv.biz/truyen/bat-dau-thanh-thanh-lai-lam-o-re",
    "comic_status": "Còn tiếp"
}