{
    "title": "Thẳng Tới Thanh Vân: Ta Thật Quá Muốn Tiến Bộ!",
    "description": "“Ta không biết nói thế nào, mới có thể để ngươi dễ dàng tiếp nhận một chút, nhưng là ta muốn vì hiện thực cân nhắc, ngươi một cái nông thôn cơ sở cảnh s·át n·hân dân, đời này cũng chính là dạng này ”\nBạn gái khảo thí lên bờ ngày thứ hai đưa ra chia tay. Còn có chuyện tốt này?\nSau khi sống lại Giang Phong quả quyết đồng ý, quay đầu cùng lãnh đạo nữ nhi nói đến yêu đương! Bắt đầu phá được nhiều năm đại án, trong lúc nhất thời thanh danh đại chấn......\nTám tháng sau, bạn gái trước gọi điện thoại tới",
    "author": "Tiểu Tiểu Dương Dương",
    "cover_url": "https://static.cdnno.com/poster/thanh-van-truc-thuong-ta-that-qua-muon-vao-buoc/300.jpg?1745172758",
    "main_category_id": 1005,
    "category_ids": [
        2002,
        3017,
        4010
    ],
    "embedded_from": "metruyencv.biz",
    "embedded_from_url": "https://metruyencv.biz/truyen/thanh-van-truc-thuong-ta-that-qua-muon-vao-buoc",
    "comic_status": "Còn tiếp"
}