{
    "title": "Bị Đuổi Ra Vương Phủ Về Sau, Ta Trở Thành Mạnh Nhất Cẩm Y Vệ",
    "description": "Xuyên qua dị thế, Lâm Phàm trở thành Tịnh Kiên Vương phủ thế tử gia, bắt đầu liền bị vu hãm phi lễ biểu muội.\nCha ruột không thương, mẹ kế tính toán, chịu một trăm roi Lâm Phàm bị phế trừ thế tử chi vị trục xuất Tịnh Kiên Vương phủ.\nLâm Phàm dứt khoát gia nhập lệnh văn võ bá quan khinh thường Cẩm Y vệ, sát phạt quả đoán, từng bước cao thăng.\nQuyền khuynh thiên hạ, thanh toán cừu địch.\nVương gia cha ruột: \"Phàm nhi, ta sai rồi, trở về kế thừa vương vị a!\"\nMẹ kế: \"Lâm Phàm, tha cho ta đi, ta cái gì đều đáp ứng ngươi!\"\nĐệ đệ: \"Thả mẹ ta ra!\"",
    "author": "Trì Trung Kim Lân",
    "cover_url": "https://static.cdnno.com/poster/bi-duoi-ra-vuong-phu-ve-sau-ta-tro-thanh-manh-nhat-cam-y-ve/300.jpg?1741363417",
    "main_category_id": 1002,
    "category_ids": [
        2002,
        3001,
        4028,
        5001
    ],
    "embedded_from": "https://metruyencv.biz",
    "embedded_from_url": "https://metruyencv.biz/truyen/bi-duoi-ra-vuong-phu-ve-sau-ta-tro-thanh-manh-nhat-cam-y-ve",
    "comic_status": "Còn tiếp"
}