{
    "title": "Kh'Alzhei In The Night - Loạn Ức Trong Đêm Tối",
    "description": "Kh'Alzhei In The Night\nTên khác: Loạn ức trong đêm tối\nTrần Thiên... hắn sau hai tuần liên tục cày game đã không may q·ua đ·ời rồi chuyển sinh vào chính con game đó mà không hề hay biết.\nBối cảnh công nghệ, hiện đại trong bản cập nhật mới nhất đã khiến hắn không tài nào nhận ra đây là tựa game huyền thoại mình đã từng chơi.\nCho đến mãi về sau, hắn vẫn không biết cái ngày bản thân được chuyển sinh đã gây ra tai hoạ gì.\nVô tình đoạt lấy thân xác phân thân từ chính tài khoản của bản thân, phải cực khổ chống đỡ tất cả bằng sức mạnh của một kẻ chỉ biết đứng sau hỗ trợ.\nNote: Từ một tác giả người việt mới vào nghề...",
    "author": "Abeno Kei",
    "cover_url": "https://static.cdnno.com/poster/gamer-tom-luoc-ngoai-thu/300.jpg?1754124872",
    "main_category_id": 1012,
    "category_ids": [
        4012,
        2005,
        3002
    ],
    "embedded_from": "metruyencv.biz",
    "embedded_from_url": "https://metruyencv.biz/truyen/gamer-tom-luoc-ngoai-thu",
    "comic_status": "Còn tiếp"
}