{
    "title": "Mười Bốn Tuổi Thất Phu, Lấy Phàm Võ Nghịch Phạt Thần Minh!",
    "description": "Đây là một cái bi tráng thời đại, anh liệt lấy nhiệt huyết bảo vệ tôn nghiêm, dùng sinh mệnh thủ hộ tân hỏa truyền thừa! Vạn tộc xâm lấn, lấy Nhân tộc là huyết thực, chủng tộc tồn vong thời khắc, Trần Nặc bước vào chiến trường, một người một đao chặt xuống mười bảy Vương tộc thanh niên thiên kiêu đầu lâu, ôm chính mình một cái tay gãy một đầu chân gãy đi xuống chiến trường.\nMột năm kia, hắn vừa vặn mười bốn tuổi! Thức tỉnh duy nhất thiên phú vô hạn thăng duy, nghịch ba đại cảnh giới chém xuống Cửu Thiên Thần Minh! Dốc hết sức g·iết sạch cái thế hoàng tộc, lấy nhiệt huyết nhóm lửa Nhân tộc tân hỏa, dẫn đầu Nhân tộc quân viễn chinh đông chinh, huyết chiến vạn tộc, g·iết hết tinh không, hoành đao mà đứng, “Nhân tộc thất phu Trần Nặc ở đây, ai đến một trận chiến!”",
    "author": "Nhất Chích Bính Bác Hướng Thượng Đích Trư",
    "cover_url": "https://static.cdnno.com/poster/muoi-bon-tuoi-that-phu-lay-pham-vo-nghich-phat-than-minh/300.jpg?1760100347",
    "main_category_id": 1011,
    "category_ids": [
        2002,
        3004,
        4005
    ],
    "embedded_from": "metruyencv.biz",
    "embedded_from_url": "https://metruyencv.biz/truyen/muoi-bon-tuoi-that-phu-lay-pham-vo-nghich-phat-than-minh",
    "comic_status": "Còn tiếp"
}