{
    "title": "Đều Chọn S Cấp Thánh Nữ? Cái Kia Nữ Ma Đế Ta Mang Đi",
    "description": "Cao võ thế giới, hung thú tàn phá bừa bãi.\nMỗi người sau trưởng thành, liền cảm nhận được tỉnh linh tính, tại thần vị không gian bên trong khế ước thánh nữ, ma nữ, thu hoạch được lực lượng cường đại.\n« thức tỉnh trung cấp linh tính, khế ước A cấp tịnh thủy thánh nữ, thu hoạch được linh kỹ —— tịnh thủy trùng kích! »\n« thức tỉnh cao cấp linh tính, khế ước S cấp diệu quang thánh nữ, thu hoạch được linh kỹ —— diệu quang hàng thế! »\n« thức tỉnh đỉnh cấp linh tính, khế ước SS cấp chế tài thánh nữ, thu hoạch được linh kỹ —— thần vực chế tài! »\nKhế ước thánh nữ: Tu luyện đơn giản, tiền kỳ cường thế, hậu kỳ bình ổn.\nKhế ước ma nữ: Tu luyện dị thường khó khăn, mặc dù đồng cảnh phía dưới nắm giữ càng mạnh sức chiến đấu, nhưng dễ dàng gặp phản phệ, trở thành ác ma g·iết người.\nThế là!\nTất cả người từ bỏ ma nữ, quay người đầu nhập thánh nữ ôm ấp.\nTối cường sát thủ Dạ Minh xuyên việt giới này, bắt đầu thức tỉnh max cấp linh tính,\n\"Tiền kỳ yếu?\"\n\"Sát lục phản phệ đáng sợ?\"\n\"Đây đối với tối cường sát thủ mà nói, căn bản không phải khuyết điểm!\"\nQuả quyết lựa chọn khế ước ma nữ!\nSau một khắc!\n« thức tỉnh max cấp linh tính, khế ước siêu SSS cấp Thần Vẫn Ám Dạ Ma Đế, thu hoạch được linh kỹ —— Ám Hắc lĩnh vực, Thần Vẫn ma giáp, Vĩnh Dạ hàng lâm! »\nDạ Minh trừng to mắt, \"Tốt tốt tốt, đều chọn thánh nữ đúng không? Nữ ma đế ta mang đi!\"\n...\nTừ đó về sau, tất cả người nhận biết bị lật đổ.\nĐỉnh cấp thiên kiêu: \"Tuổi tác tương đồng, ta tam giai, Dạ Minh thất giai! Ai nói khế ước ma nữ tu luyện chậm? Đây quả thực quá nhanh!\"\nSiêu cấp cường giả: \"Khế ước ma nữ đồng cảnh mạnh hơn, nhưng ta đm cảnh giới so Dạ Minh cao, vẫn như cũ đánh không lại hắn, ai có thể giải thích một chút?\"\nTrí giả: \"Khế ước ma nữ dễ bị phản phệ? Dạ Minh đều đồ ngàn vạn hung thú, hắn làm sao không có việc gì!",
    "author": "Ngã Bất Thị Đoàn Trường",
    "cover_url": "https://static.cdnno.com/poster/deu-chon-s-cap-thanh-nu-cai-kia-nu-ma-de-ta-mang-di/300.jpg?1738665887",
    "main_category_id": 1002,
    "category_ids": [
        2002,
        3004,
        4028
    ],
    "embedded_from": "metruyencv.biz",
    "embedded_from_url": "https://metruyencv.biz/truyen/deu-chon-s-cap-thanh-nu-cai-kia-nu-ma-de-ta-mang-di",
    "comic_status": "Còn tiếp"
}