{
    "title": "Tiên Bảng",
    "description": "Review truyện ở bình luận...\n-----\nHắn vốn là thế gia thứ nhất hoàn khố thiếu gia, không muốn trong vòng một đêm cả nhà bị đồ, thân nhân, tài phú, người trong lòng toàn bộ mất đi.\nTừ đây đạp vào khác biệt dĩ vãng tu luyện đường chạy trốn.\nVõ giả có « Võ Bảng », Linh giả có « Linh Bảng », Tiên Nhân có « Tiên Bảng » là ai đã phổ ra bảng danh sách?\nLà ai thành lập xếp hạng!\nMuốn bị loại, trước vào cuộc!\n----- Giá sách",
    "author": "Phi Thiên Ngư",
    "cover_url": "https://static.cdnno.com/poster/tien-bang/300.jpg?1746639927",
    "main_category_id": 1002,
    "category_ids": [
        2002,
        3001,
        4008
    ],
    "embedded_from": "metruyencv.biz",
    "embedded_from_url": "https://metruyencv.biz/truyen/tien-bang",
    "comic_status": "Còn tiếp"
}