{
    "title": "Tam Quốc: Trong Ruộng Trồng Ra Trăm Vạn Hùng Binh",
    "description": "[Phi thường quy tranh bá văn] [có bảng bàn tay vàng] [sự thật lịch sử diễn nghĩa đều dùng] [không thích nhẹ phun] [a a đát]\nCông nguyên năm 182, khoảng cách thương thiên dĩ tử hoàng thiên đương lập còn có thời gian hai năm.\nLàm trong lịch sử kia từng cái băng lãnh số lượng ở trước mắt hóa thành nguyên một đám người sống sờ sờ lúc.\nTrương Hiển mới biết được hắn lại tới đây ý nghĩa là cái gì.\nCó khâu lại quái bàn tay vàng tương trợ.\nThế đạo này.\nChờ xem!",
    "author": "Lạt Tiêu Đôn",
    "cover_url": "https://static.cdnno.com/poster/tam-quoc-trong-ruong-trong-ra-tram-van-hung-binh/300.jpg?1756381619",
    "main_category_id": 1007,
    "category_ids": [
        3022
    ],
    "embedded_from": "metruyencv.biz",
    "embedded_from_url": "https://metruyencv.biz/truyen/tam-quoc-trong-ruong-trong-ra-tram-van-hung-binh",
    "comic_status": "Còn tiếp"
}