{
    "title": "Đấu Phá: Nội Quyển Tu Luyện, Quyển Khóc Tiêu Viêm",
    "description": "Tiêu Dương xuyên qua đến Đấu Phá Thương Khung bên trong, trở thành Tiêu Viêm đường ca.\nVốn định một đường nằm ngửa , chờ đợi Tiêu Viêm đột phá Đấu Đế về sau, lợi dụng huyết mạch chi lực trở thành Đấu Thánh.\nKhông nghĩ tới, đột nhiên trên trời rơi xuống hệ thống.\nHệ thống có thể mình thiết trí nhiệm vụ.\nThế là, Tiêu Dương bắt đầu từ đó nội quyển mình con đường tu luyện.\n【 nhiệm vụ: Tu luyện Khai Sơn Quyền 100 khắp, ban thưởng: Khai Sơn Quyền độ thuần thục +1 】\n【 nhiệm vụ: Đột phá tới Đấu Khí tám đoạn, ban thưởng: Thể chất +1, căn cốt +1, Trúc Cơ linh dịch một phần 】\n【 nhiệm vụ: Đang luận bàn bên trong đánh bại Tiêu Viêm, ban thưởng: Khí vận +10, ngộ tính +10, Trúc Cơ thần dịch một phần 】\n【 nhiệm vụ: Bắt được Tiểu Y Tiên phương tâm, ban thưởng: Mị lực +10, « U Minh Độc Công » 】\n...\nCứ như vậy, Tiêu Dương không ngừng cho mình thành lập nhiệm vụ, điên cuồng nội quyển.\nVô luận là tu vi, linh hồn lực vẫn là luyện dược năng lực, Tiêu Dương đều viễn siêu cùng thế hệ.\nTiêu Viêm khóc, hắn có được danh xưng đại lục thứ nhất Luyện Dược Sư lão sư, còn có có thể tiến hóa công pháp « Phần Quyết », thế nhưng lại vẫn là quyển chỉ là Tiêu Dương.\nNhiều năm về sau, Hồn Thiên Đế thật vất vả rốt cục chuẩn bị sẵn sàng, bắt đầu thi hành kế hoạch, khi hắn chuẩn b·ị c·ướp đoạt nguyên bản Tiêu tộc Cổ Ngọc lúc, một thân ảnh xuất hiện.\n\"Kiệt kiệt kiệt, Hồn Thiên Đế, chuẩn bị chịu c·hết đi!\"",
    "author": "Hỉ Hoan Thụy Giác Đích Miêu",
    "cover_url": "https://static.cdnno.com/poster/dau-pha-noi-quyen-tu-luyen-quyen-khoc-tieu-viem/300.jpg?1753800361",
    "main_category_id": 1006,
    "category_ids": [
        2003,
        3002,
        4001
    ],
    "embedded_from": "https://metruyencv.biz",
    "embedded_from_url": "https://metruyencv.biz/truyen/dau-pha-noi-quyen-tu-luyen-quyen-khoc-tieu-viem",
    "comic_status": "Còn tiếp"
}