{
    "title": "Cùng Thuyền Viễn Hải Thế Mà Thu Hoạch Được Trên Biển Hoàng Kim Nhãn",
    "description": "Cô nhi Dụ Siêu cùng thuyền làm người chèo thuyền chỉ vì kiếm học phí, lại ngoài ý muốn thu hoạch được thấu thị đáy biển hoàng kim nhãn.\nTừ đây mở ra trên biển nhập hàng hình thức.\nBiển rộng a, ngươi lớn như vậy. Hải sản a, ngươi đắt như vậy.\nBàn tay vàng (không phải đặc biệt khoa trương)+ đơn nữ chính (nam chính có đối tượng)+ cố gắng phấn đấu sinh hoạt hàng ngày (sẽ cùng hiện thực một số giá hàng hơi có khoa trương)",
    "author": "Kiệt Ca Bất Thị Thuyền Trường",
    "cover_url": "https://static.cdnno.com/poster/cung-thuyen-vien-hai-the-ma-thu-hoach-duoc-tren-bien-hoang-kim-nhan/300.jpg?1718443988",
    "main_category_id": 1005,
    "category_ids": [
        2005,
        3017,
        4004,
        5001
    ],
    "embedded_from": "https://metruyencv.biz",
    "embedded_from_url": "https://metruyencv.biz/truyen/cung-thuyen-vien-hai-the-ma-thu-hoach-duoc-tren-bien-hoang-kim-nhan",
    "comic_status": "Còn tiếp"
}