{
    "title": "Hôm Nay Cũng Đang Cố Gắng Làm Ma Đầu",
    "description": "Bị Đại Ngu triều đình chiêu cáo là \"Cổ kim yêu ma số một\" Tà Quân Thẩm Ngạo chuyển thế trùng tu!\nTin tức tốt là lần này bắt đầu một vợ hai th·iếp, lại từng cái quốc sắc thiên hương, lan tâm huệ chất, liền liền hầu cận yêu nô cũng là Thu Thủy là thần ngọc vi cốt; tin tức xấu là bọn này phong hoa tuyệt đại mỹ nhân, lại từng cái giấu giếm sát cơ, muốn đem hắn đưa vào chỗ c·hết.\nMay mắn được nguyên chủ tu luyện mười hai năm Đồng Tử Công, Thẩm Ngạo màn đêm buông xuống lấy bí pháp luyện hóa dương nguyên, trong vòng một đêm khí hải sinh sóng, đan điền vang chuông, Trúc Cơ tiểu thành!",
    "author": "Khai Hoang",
    "cover_url": "https://static.cdnno.com/poster/hom-nay-cung-dang-co-gang-lam-ma-dau/300.jpg?1756005429",
    "main_category_id": 1001,
    "category_ids": [
        2003,
        3012
    ],
    "embedded_from": "metruyencv.biz",
    "embedded_from_url": "https://metruyencv.biz/truyen/hom-nay-cung-dang-co-gang-lam-ma-dau",
    "comic_status": "Còn tiếp"
}