{
    "title": "Đấu La: Thu Đồ Đệ Thành Thần Từ Cắt Đứt Chu Trúc Thanh Bắt Đầu",
    "description": "【 Đấu La + đồng nhân + hệ thống + vô địch + nhiều nữ chính 】\nXuyên qua Đấu La đại lục, thức tỉnh võ hồn: Cửu Diệp Kiếm Thảo.\nBắt đầu bị thanh trừ bối cảnh!\nVốn cho rằng là cầm nam chính kịch bản, không nghĩ tới lại làm nhân vật phản diện.\nKiếm Thảo võ hồn triển lộ tài hoa, một đường nghịch tập, đường rẽ vượt qua.\nKhi Giang Vân Chu lập tức sẽ tấn thăng Hồn Đấu La lúc, hệ thống thức tỉnh.\nCũng mang đến cho hắn một tin tức tốt: Thu đồ đệ khóa lại hồn hoàn vị, liền có thể tăng lên hồn hoàn niên hạn.\nVốn định sống tạm trưởng thành Giang Vân Chu, rốt cục quyết định tham gia kịch bản, hướng mỹ nữ các thiên tài xuất thủ.\nGiang Vân Chu: Vỏ kiếm? Lấy ra đi ngươi.\nNinh Dung Dung: Lão sư, muốn ăn cơm chùa sao?\nChu Trúc Thanh: Da mặt của mình hay là quá mỏng....\n【 Giới thiệu vắn tắt vô lực, xin mời dời bước chính văn 】",
    "author": "Thử Khắc Y Nhiên",
    "cover_url": "https://static.cdnno.com/poster/dau-la-thu-do-de-thanh-than-tu-cat-dut-chu-truc-thanh-bat-dau/300.jpg?1761837335",
    "main_category_id": 1002,
    "category_ids": [
        2006,
        3002,
        4001
    ],
    "embedded_from": "metruyencv.biz",
    "embedded_from_url": "https://metruyencv.biz/truyen/dau-la-thu-do-de-thanh-than-tu-cat-dut-chu-truc-thanh-bat-dau",
    "comic_status": "Còn tiếp"
}