{
    "title": "Cổ Đại Nạn Đói Năm: Mang Tẩu Nạp Thiếp, Lương Thịt Đầy Kho",
    "description": "（ Nhiệt huyết sảng văn + nhẹ nhõm đi săn + nhiều nữ chính + tranh bá + Tào Lão Ca ）\nTrần Vô Kỵ xuyên qua đến cổ đại t·hiên t·ai năm một kẻ ngốc thợ săn trên thân, ngốc thợ săn nhà chỉ có bốn bức tường, không cha không mẹ, may mắn được ôn nhu tẩu cẩn thận chăm sóc, lúc này mới sống chui nhủi ở thế gian.\nĐối mặt t·hiên t·ai này bắt đầu, Trần Vô Kỵ có thể làm sao? Đương nhiên là tại cái này n·ạn đ·ói năm để tẩu tẩu ăn no, nạp hắn mười cái tám cái th·iếp thất, hưởng thụ sinh hoạt!",
    "author": "Thư Trùng Thập Nhất",
    "cover_url": "https://static.cdnno.com/poster/co-dai-nan-doi-nam-mang-tau-nap-thiep-luong-thit-day-kho/300.jpg?1759642442",
    "main_category_id": 1002,
    "category_ids": [
        2002,
        3003,
        4004
    ],
    "embedded_from": "https://metruyencv.biz",
    "embedded_from_url": "https://metruyencv.biz/truyen/co-dai-nan-doi-nam-mang-tau-nap-thiep-luong-thit-day-kho",
    "comic_status": "Còn tiếp"
}