{
    "title": "Linh Nguyên Tiên Đồ: Ta Nuôi Linh Thú Quá Hiểu Cảm Ân",
    "description": "【 Tu tiên 】+【 Kim thủ chỉ 】+【 Làm ruộng 】+【 Vững vàng 】+【 Nhẹ nhõm 】+【 Thường ngày 】\nTu tiên thế giới, vạn vật có linh.\nXuyên qua mà đến Cố An liền có thể chắc chắn linh thú linh.\n【 Linh nguyên phản hồi 】\nPhàm là đích thân hắn chăn nuôi Linh thú linh cầm, t·ử v·ong lúc, liền sẽ trả lại với hắn!\n【 Ngươi nuôi một cái màu vũ gà thọ hết c·hết già, hướng ngươi phản hồi một phần linh khí!】\n【 Ngươi nuôi một đầu Huyết Nguyệt Thiện thọ hết c·hết già, hướng ngươi phản hồi một phần huyết khí!】\nCố An ngoẹo đầu nhìn một chút trong tay vừa làm thịt tốt màu vũ gà, rơi vào trầm tư.\nThọ hết c·hết già?\nThống tử, ngươi cái này ngữ văn học với ai?",
    "author": "Xuân Vụ Chử Trà",
    "cover_url": "https://static.cdnno.com/poster/linh-nguyen-tien-do-ta-nuoi-linh-thu-qua-hieu-cam-an/300.jpg?1758729418",
    "main_category_id": 1002,
    "category_ids": [
        2005,
        3001
    ],
    "embedded_from": "metruyencv.biz",
    "embedded_from_url": "https://metruyencv.biz/truyen/linh-nguyen-tien-do-ta-nuoi-linh-thu-qua-hieu-cam-an",
    "comic_status": "Còn tiếp"
}