{
    "title": "Bạo Gan Thành Tựu Ta, Chung Vi Ma Thần",
    "description": "【 Phôi Thai Chủng 】\n【 Tay không xé rách cơ giáp, đánh chìm t·àu c·hiến đấu 】\n【 Giải tỏa thành tựu, nhân gian chi thần! 】\n【...... 】\n【 Anh Nhi Thể 】\n【 Hoàn hảo không chút tổn hại từ v·ụ n·ổ h·ạt n·hân trung tâm đi ra, mở ra sinh mệnh từ trường, hấp thu năng lượng hằng tinh số lượng 】\n【 Giải tỏa thành tựu, mặt đất mạnh nhất sinh vật! 】\n【...... 】\n【 Ấu Niên Thể 】\n【 Chỉ dùng ý niệm vỡ nát một viên tinh cầu, thổi lên văn minh bài ca phúng điếu 】\n【 Giải tỏa thành tựu, đệ tứ t·hiên t·ai! 】\n【...... 】\n【 Hoàn Toàn Thể 】\n【 Đánh xuyên qua vạn vật khởi nguyên tường cao, bước vào trụ cột điện đường 】\n【 Giải tỏa thành tựu, nguyên sơ! 】\nNhân loại bước về phía Tinh Hải thứ chín trăm cái ngàn năm, đánh đâu thắng đó quân viễn chinh cát cứ hoàn vũ, hừng hực khí thế đại khai hoang đã gần đến hồi cuối.\nCổ lão người tu hành c·ướp lấy Thần Thoại, để trở thành Thánh Phật;\nThế hệ mới thiên kiêu đánh vỡ gông cùm xiềng xích, khát vọng đột phá cực hạn!\nMà tại đại vũ trụ vắng vẻ một góc, Tần Thời lựa chọn lá gan, cày cuốc tận từng mục một thành tựu, giải tỏa từng tòa tấm bia to.\nCho đến đến tiến hóa đỉnh phong, chí cao đỉnh điểm!",
    "author": "Bạch Đặc Mạn A",
    "cover_url": "https://static.cdnno.com/poster/bao-gan-thanh-tuu-ta-chung-vi-ma-than/300.jpg?1732301898",
    "main_category_id": 1002,
    "category_ids": [
        3004,
        5001
    ],
    "embedded_from": "https://metruyencv.biz",
    "embedded_from_url": "https://metruyencv.biz/truyen/bao-gan-thanh-tuu-ta-chung-vi-ma-than",
    "comic_status": "Hoàn thành"
}