{
    "title": "Ai Dạy Hắn Như Vậy Tu Tiên?",
    "description": "Vừa bái nhập tông môn đệ tử kinh hoảng báo lại:\n\"Chưởng môn, việc lớn không tốt rồi, Đại sư huynh hắn đoạt tiền rồi!\"\n\"Ngạc nhiên, đó là Đại sư huynh của ngươi tại cho chúng ta tìm phúc lợi!\"\n\"Đại sư huynh b·ắt c·óc t·ống t·iền vơ vét tài sản ai!\"\n\"Ai nha, nói tất cả là Đại sư huynh tại cho chúng ta tìm phúc lợi!\"\n\"Thế nhưng mà, Đại sư huynh hắn đã nhập ma rồi, này làm sao cũng phải quản đi?\"\n\"Chúc mừng, hắn tu luyện rốt cuộc có tiến bộ!\"\n\"Thế nhưng mà, Đại sư huynh hắn còn g·iết người!\"\n\"Vậy ngươi vậy hắn sao còn không đi hỗ trợ? Tông môn đám đệ tử, cầm v·ũ k·hí!\"",
    "author": "Lệnh Đa Tình",
    "cover_url": "https://static.cdnno.com/poster/ai-day-han-nhu-vay-tu-tien/300.jpg?1719672183",
    "main_category_id": 1002,
    "category_ids": [
        2002,
        3001,
        5001,
        4024
    ],
    "embedded_from": "https://metruyencv.biz",
    "embedded_from_url": "https://metruyencv.biz/truyen/ai-day-han-nhu-vay-tu-tien",
    "comic_status": "Còn tiếp"
}