{
    "title": "Bắt Đầu Trường Sinh Thần Tử, Cự Tuyệt Từ Hôn Ban Thưởng Thần Thể",
    "description": "( vô địch + phản phái + sảng văn + sát phạt quả đoán + nhiều nữ chính + hệ thống )\nSở Trường Ca xuyên qua đến huyền huyễn thế giới, trở thành một phương trường sinh đế tộc thần tử.\nBắt đầu hắn liền gặp được chuyện ngoại hạng, vị hôn thê của hắn tu vi rút lui, không cách nào tu luyện.\nGia tộc để hắn tiến về vị hôn thê gia tộc từ hôn?\nKinh nghiệm phong phú hắn lập tức biết được mình lại là cái trùm phản diện.\nCũng may Thiên Mệnh lựa chọn hệ thống kích hoạt.\n( keng! Kiểm trắc đến kí chủ trước mắt kinh lịch, phát động Thiên Mệnh lựa chọn! )\n( lựa chọn một: Đồng ý từ hôn, ban thưởng Hỗn Độn Tiên Đồng! )\n( lựa chọn hai: Cự tuyệt từ hôn, ban thưởng Thái Dương Thần Thể! )\n( mời lựa chọn. . . )\nSở Trường Ca nhìn xem không hợp thói thường tuyển hạng, hắn ở kiếp trước đều khổ cả một đời, một thế này hắn thật vất vả lẫn vào một cái nghịch thiên thân phận, hệ thống lại muốn để hắn đi làm phản phái?\nCái này phản phái yêu ai làm ai làm, ta mới sẽ không làm.\nTa, Sở Trường Ca, cự tuyệt từ hôn!\nTừ đó về sau, Sở Trường Ca lựa chọn thay đổi vị!\nGặp được gia tộc người mang Tiên Cốt đường đệ, hắn lựa chọn Trọng Đồng chứng đạo!\nGặp được bị đám người ghét bỏ phế vật sư đệ, hắn thân xuất viện thủ!\n. . . .",
    "author": "Trần Bất Ngữ",
    "cover_url": "https://static.cdnno.com/poster/bat-dau-truong-sinh-than-tu-cu-tuyet-tu-hon-ban-thuong-than-the/300.jpg?1760756721",
    "main_category_id": 1002,
    "category_ids": [
        2002,
        3001,
        4028,
        5001
    ],
    "embedded_from": "https://metruyencv.biz",
    "embedded_from_url": "https://metruyencv.biz/truyen/bat-dau-truong-sinh-than-tu-cu-tuyet-tu-hon-ban-thuong-than-the",
    "comic_status": "Còn tiếp"
}