{
    "title": "Người Nhà Phản Bội, Ta Lựa Chọn Trở Thành Tà Thần",
    "description": "【 Hắc Hóa 】【 Vô Địch 】【 tuyệt không tẩy trắng 】【 sát phạt quyết đoán 】【 cực hạn sảng văn 】\nThân là một tên gia súc của công ty Ninh Bắc xuyên qua đến thế giới huyền huyễn, bắt đầu liền có cường đại bối cảnh.\nPhụ thân là uy chấn thiên hạ trấn Yêu Vương, sừng sững tại thời đại này cường giả đỉnh cao!\nMẫu thân là thế gian hiếm có nữ kiếm tiên, một tay bạch liên kiếm pháp đánh đâu thắng đó, người người kính ngưỡng! Thật muốn lấy đắc ý qua ngày tốt lành lúc, lại phát hiện nguyên chủ đem một bộ bài tốt đánh cho nát nhừ.\nNăm đó vì cứu đệ đệ, nhất thời mềm lòng đồng ý đào ra thần cốt, dẫn đến tu vi rớt xuống ngàn trượng, căn cơ bị hao tổn, từ đó về sau, hắn liền trở thành cha mẹ không yêu, bị gia tộc xa lánh gặp cảnh khốn cùng.\nMà hảo đệ đệ của hắn, thì là giẫm lên đầu của hắn nhất phi trùng thiên, hưởng thụ thế nhân cúng bái, còn trái lại chỉ trích hắn không đủ cố gắng!\nNinh Bắc Ma , đang nghĩ ngợi làm sao ngược gió lật bàn lúc, bỗng nhiên đã thức tỉnh Tà Thần dưỡng thành hệ thống.\nĐến tận đây, một đời Tà Thần quật khởi mạnh mẽ, nương theo lấy vô tận g·iết chóc đi đến bảo tọa, làm cho thương sinh vì đó run rẩy.\nGia chủ đau khổ cầu khẩn hắn hồi tâm chuyển ý lúc, Ninh Bắc cảm động móc ra Nhân Hoàng phiên, phát ra từ đáy lòng nói “có chuyện gì, đi vào nói......”",
    "author": "Sử Thượng Tối Soái Tác Giả",
    "cover_url": "https://static.cdnno.com/poster/nguoi-nha-phan-boi-ta-lua-chon-tro-thanh-ta-than/300.jpg?1740911721",
    "main_category_id": 1002,
    "category_ids": [
        2007,
        3001,
        4006
    ],
    "embedded_from": "metruyencv.biz",
    "embedded_from_url": "https://metruyencv.biz/truyen/nguoi-nha-phan-boi-ta-lua-chon-tro-thanh-ta-than",
    "comic_status": "Còn tiếp"
}