{
    "title": "Ta Phù Thuỷ Sở Thu Nhận, Các Nàng Càng Mạnh Ta Càng Mạnh Mẽ",
    "description": "【 Nhiều nữ chính, thu thập dưỡng thành, truyền thống trưởng thành không phải vô địch văn, phòng tối, sát phạt quyết đoán 】\nLục Tu xuyên qua đến một người người phỉ nhổ phù thuỷ đô thị thế giới khác, thành Quang Minh giáo hội tầng dưới chót nhất pháo hôi giác tỉnh giả, lúc nào cũng có thể ở trong nhiệm vụ m·ất m·ạng.\nNgay tại hắn bị đội trưởng xem như mồi nhử, phái đi săn g·iết trọng thương phù thuỷ lúc, 【 Phù Thuỷ Thu Nạp Hệ Thống 】 kích hoạt lên!\n【 Lựa chọn một: Giết c·hết trước mắt phù thuỷ. Nhiệm vụ ban thưởng: Quang Minh giáo hội điểm công lao +10, duy nhất một lần R cấp dị năng “Thánh Quang Đạn” phiếu hối đoái x1. 】\n【 Lựa chọn hai: Thu phục trước mắt phù thuỷ. Nhiệm vụ ban thưởng: Mở ra “Không Gian Giới Tử”, thu hoạch được ban đầu điểm tích lũy +100, phù thuỷ linh hồn độ phù hợp +20. 】\nCái này còn cần tuyển?\nTừ đây, Lục Tu tại thu phục phù thuỷ trên con đường một đi không trở lại.\nNgười khác tuần tra, hắn tại thu phù thuỷ. Người khác tu luyện, hắn còn tại thu phù thuỷ.\nKhi ngày xưa cừu địch cùng khinh thị người của hắn còn đang vì một chút công huân đắc chí lúc, Lục Tu sau lưng, đã đứng đấy một chi do SSR cấp Miêu nương, B cấp Huyễn Thuật sư, A cấp Long Nữ tạo thành phù thuỷ quân đoàn!\nChỉ cần thu phục phù thuỷ, liền có thể thu hoạch được điểm tích lũy cùng lực lượng tặng lại, phù thuỷ tư chất càng cao, thực lực càng mạnh, hắn lấy được chỗ tốt thì càng nhiều!\nTrong mắt người khác phù thuỷ là tai hoạ, là hành tẩu công huân.\nTại Lục Tu trong mắt, các nàng là biết di động bao kinh nghiệm, là chính mình mạnh lên đỉnh cấp tài nguyên!\n“Đốt! Thu phục SSR cấp Ám Ảnh Miêu Yêu”\n“Đốt! Thu phục B cấp Huyễn Ảnh Phù Thuỷ”",
    "author": "Thỏ Tử Ngận Bổng",
    "cover_url": "https://static.cdnno.com/poster/ta-phu-thuy-so-thu-nhan-cac-nang-cang-manh-ta-cang-manh-me/300.jpg?1761406894",
    "main_category_id": 1005,
    "category_ids": [
        2003,
        3018,
        4001
    ],
    "embedded_from": "metruyencv.biz",
    "embedded_from_url": "https://metruyencv.biz/truyen/ta-phu-thuy-so-thu-nhan-cac-nang-cang-manh-ta-cang-manh-me",
    "comic_status": "Còn tiếp"
}