{
    "title": "Đồng Thời Xuyên Qua: Tại Chư Thiên Trở Thành Truyền Thuyết",
    "description": "001 Naruto\n015 One Piece\n032 Nhất Nhân chi Hạ\n071 Naruto\n093 Jujutsu Kaisen (Chú Thuật Hồi Chiêu)\n131 Marvel\n167 Quái Dị thế giới\n178 Frieren Beyond Journey's End\n217 Elden Ring\n235 Jackie Chan Adventures\n279 Dragon Raja (Long Tộc)\n334 Quỷ Bí chi Chủ\n415 Naruto\n457 FGO\n498 Kono Subarashii Sekai ni Shukufuku wo + Re Zero + Overlord\n573 Elden Ring\n582 Quái Dị thế giới\n+\n'Đồng thời xuyên qua' chính là như vậy, cùng hưởng bình đài chỉ dùng tồn tại liền có thể, mỗi thế giới lục khắc muốn chỉnh hoa sống liền có thêm.\nHokage Lục Khắc: Quyền đả Học viện Ninja, chân đá Hokage cao ốc, đánh nhau cần che mặt, chiến tích không thể tra, trừu tượng là một môn nghệ thuật!\nDitto lục khắc: Ta tại nhắc lại một lần, lão tử sẽ không biến thành s*x t*y! Các ngươi có phải hay không có bệnh nặng gì, để cao tới không hướng, cả ngày nhớ cái phá s*x t*y!\nThe Tarnished Lục Khắc: Ai nói cho ngươi Ranni the Witch mũi nhọn không thể kiêm chức? Ta liền không thể đồng thời còn là Marika mũi nhọn, Millicent mũi nhọn, Melina mũi nhọn, sắt liêm mũi nhọn? Mũi nhọn viện, ta mở định rồi!\nBleach Lục Khắc: Coi như ta ngủ suốt ngày, sẽ không vạn giải, một dạng có thể vô địch tại thế...... Tổng đội trưởng cứu ta!\nHokage, Bleach, One Piece , Nhất Nhân chi Hạ, Long Tộc, Pokemon, Elden Ring......\nTừng bước một đi tới, làm Lục Khắc cuối cùng đứng ở trên trời thời điểm, cuối cùng có thể đối với tất cả mọi người tự hào phát ra tuyên ngôn.\n“Ta Lục Khắc có thể có hôm nay, toàn bộ nhờ chính mình!”",
    "author": "Tứ Quý Bảo",
    "cover_url": "https://static.cdnno.com/poster/dong-thoi-xuyen-qua-tai-chu-thien-tro-thanh-truyen-thuyet/300.jpg?1725614507",
    "main_category_id": 1006,
    "category_ids": [
        2010,
        3051,
        4007
    ],
    "embedded_from": "metruyencv.biz",
    "embedded_from_url": "https://metruyencv.biz/truyen/dong-thoi-xuyen-qua-tai-chu-thien-tro-thanh-truyen-thuyet",
    "comic_status": "Còn tiếp"
}