{
    "title": "Ta Thật Không Có Nghĩ Hạ Cờ Vây A!",
    "description": "Cờ vây tuyển thủ quốc gia Du Thiệu xuyên qua đến thế giới song song, trở thành một cái lớp mười học sinh, sống lại một đời, hắn chỉ muốn hảo hảo hưởng thụ một đoạn này làm càn khoa trương thanh xuân, đừng để thanh xuân lần nữa từ khe hở chạy đi.\nNhưng là. . . Vì cái gì ta lại cầm lấy quân cờ a uy!\nMặc dù tại cái này còn không có bị AI chặt chẽ t·ra t·ấn qua cờ vây giới đánh cờ, một không xem chừng liền trấn áp một thời đại, xác thực có như vậy ức điểm điểm thoải mái chính là.\n. . .\nMột đám chức nghiệp kỳ thủ: \"Cờ vây còn có thể như thế hạ?\"\nDu Thiệu nhẹ gật đầu: \"Cờ vây chính là như thế hạ!\"\n( sẽ không hạ cờ vây cũng có thể nhìn hiểu, hoan nghênh điểm tiến. ) Bàn cờ vây",
    "author": "Sơn Trung Thổ Khối",
    "cover_url": "https://static.cdnno.com/poster/ta-that-khong-co-nghi-ha-co-vay-a/300.jpg?1735957511",
    "main_category_id": 1005,
    "category_ids": [
        2005,
        3017
    ],
    "embedded_from": "metruyencv.biz",
    "embedded_from_url": "https://metruyencv.biz/truyen/ta-that-khong-co-nghi-ha-co-vay-a",
    "comic_status": "Còn tiếp"
}