{
    "title": "Tạo Hóa Tinh Thần Quyết",
    "description": "【 Truyền thống huyền huyễn 】【 hành văn tốt + không hệ thống + vô địch Kiếm Đạo + luyện đan 】\nTrần Minh Tiên Đế, một đời Kiếm Tôn, là ngăn cản Ma giới tiến công, một người độc chiến sáu vị Ma Đế, cuối cùng vẫn lạc......\nChuyển thế trùng sinh sau, lại trả lời một thế điểm xuất phát: Linh Võ đại lục! Kiếp trước ký ức tràn vào trong đầu, mấy trăm năm sau hôm nay, Tiên giới, Phàm giới, hết thảy đều sẽ bởi vì vì thế thế hắn, mà nghênh đón triệt để cải biến!",
    "author": "Đông Dạ Quan Tuyết",
    "cover_url": "https://static.cdnno.com/poster/tao-hoa-tinh-than-quyet/300.jpg?1750403738",
    "main_category_id": 1002,
    "category_ids": [
        2002,
        3001,
        4010
    ],
    "embedded_from": "metruyencv.biz",
    "embedded_from_url": "https://metruyencv.biz/truyen/tao-hoa-tinh-than-quyet",
    "comic_status": "Còn tiếp"
}