{
    "title": "Hải Tặc : Từ Rocks Thời Đại Bắt Đầu Trồng Ruộng",
    "description": "Cái gọi là người giàu có dựa vào khoa học kỹ thuật, người nghèo dựa vào biến dị, khi Lewis nắm giữ biến dị trái cây, cũng thức tỉnh kiếp trước nhà trồng hoa làm ruộng chi hồn sau, Lewis không chỉ có nắm giữ vận mệnh của mình, càng là có được cải biến thế giới lực lượng.\nLewis tàng tại phía sau màn, trước lừa dối Rocks đi lên trước thế cái nào đó ria mép con đường, cũng nói ra câu kia “ta muốn đứng tại trên thế giới cao nhất địa phương, hướng toàn thế giới nói một tiếng: “Nghiêm”.\nThiên long nhân quyền uy lần thứ nhất bị rung chuyển.\nSau đó lừa dối Shiki phát biểu hải tặc bản « Độc Lập Tuyên Ngôn » diễn thuyết, thiên long nhân thống trị bị tiến một bước tan rã.\nCác loại Lewis làm ruộng phát dục mấy chục năm, tích lũy vô tận nội tình, đi lên trước đài nói ra câu kia “ta có một cái mơ ước lúc”, toàn bộ thế giới đại thế đã bị giữ tại Lewis trên tay.",
    "author": "Đẳng Thái Dương Hạ Sơn",
    "cover_url": "https://static.cdnno.com/poster/hai-tac-tu-rocks-thoi-dai-bat-dau-trong-ruong/300.jpg?1747766464",
    "main_category_id": 1006,
    "category_ids": [
        2008,
        3051,
        4006
    ],
    "embedded_from": "metruyencv.biz",
    "embedded_from_url": "https://metruyencv.biz/truyen/hai-tac-tu-rocks-thoi-dai-bat-dau-trong-ruong",
    "comic_status": "Còn tiếp"
}