{
    "title": "Hồng Hoang: Không Có Nguyên Thần? Ta Lấy Ý Niệm Chém Thánh Nhân",
    "description": "Xuyên qua Vu tộc 300 năm, Tô Diệp thành nhất “khác loại” Đại Vu. Khi khác Vu tộc mãnh nam còn tại vung mạnh lưỡi búa, gặm thịt thú vật, hô to “Bàn Cổ ở trên, làm liền xong rồi” thời điểm. Tô Diệp lại nằm tại trên sườn cỏ, nhìn qua Thiên Đình phát sầu: “Hồng Quân thiên vị, Thánh Nhân sắp xuất thế, không có nguyên thần Vu tộc sống thế nào? Cầm đầu đi đánh sao!”\nCũng may, nguyên thần của hắn biến dị! 【 Thôi diễn hệ thống kích hoạt! Mượn Bàn Cổ ý chí, sức tính toán tăng lên mấy triệu lần! 】 【 Ngay tại thôi diễn Vu tộc chuyên môn phá cục chi pháp: Di La Vô Lượng Tâm Kinh! 】 【 Lấy ý niệm, thay mặt nguyên thần! Lấy tâm niệm, đúc thiên đao! 】\nTừ đây, Vu tộc phong cách vẽ triệt để thay đổi. Khi Yêu tộc Đại Thánh tế lên tiên thiên Linh Bảo, ngang ngược càn rỡ lúc. Tô Diệp bước ra một bước, sau lưng ức vạn ý niệm chiến hồn đồng thời rút đao: “Không có nguyên thần?” “Ai nói cho ngươi, g·iết người nhất định phải dùng nguyên thần ?”\nNhất niệm lên, vạn pháp sinh. Nhất niệm rơi, Thánh Nhân vẫn.\nĐây là một cái mãng phu trong chủng tộc ra cái “kỹ thuật lưu”, dẫn đầu một đám cơ bắp mãnh nam ý niệm phi thăng, đao chém Thánh Nhân cố sự!",
    "author": "Đại Đường Minh Châu",
    "cover_url": "https://static.cdnno.com/poster/hong-hoang-khong-co-nguyen-than-ta-lay-y-niem-chem-thanh-nhan/300.jpg?1760935649",
    "main_category_id": 1002,
    "category_ids": [
        2002,
        3016,
        4007
    ],
    "embedded_from": "metruyencv.biz",
    "embedded_from_url": "https://metruyencv.biz/truyen/hong-hoang-khong-co-nguyen-than-ta-lay-y-niem-chem-thanh-nhan",
    "comic_status": "Còn tiếp"
}