{
    "title": "Comic: Huyễn Tưởng Thành Thần",
    "description": "( B.faloo tiểu thuyết Internet độc nhất vô nhị ký kết tiểu thuyết: Comic: Huyễn Tưởng Thành Thần )\nXuyên qua Marvel, làm người hai đời, thu hoạch được Huyễn Tưởng Thủy Tinh, bốc hơi thần bí chất lỏng màu vàng óng, cụ hiện hóa ngẫu nhiên vật phẩm, tri thức.\nBắt đầu bốc hơi tất cả chất lỏng màu vàng óng, người khoác chòm sao Thủy Bình Gold Cloths, giáng lâm nhân gian, trước người hiển thánh, thu hoạch tín ngưỡng, bồi dưỡng quân đoàn, kiến lập Thần quốc.\nSáng chói sao trời chiếu rọi vũ trụ.\nLấy vô thượng ánh sáng thần thánh, cuối cùng được lấy siêu thoát.\nPS: Truyện FULL 354c, map Comic\nMấy bạn có truyện đồng nhân One Piece, Pkemon, Naruto, Fairy Tail, Conan, Danmachi, Toriko... hoặc truyện khoa huyễn, tiên hiệp, nói chung là truyện hay nhắn tin qua facebook, link face mình để trong phần cmt.\nCẦU ĐÁNH GIÁ, CẦU ĐỀ CỬ. CẦU MỌI LOẠI KHOAI!!! THANKS MỌI NGƯỜI NHIỀU :)\n---------------- ---------------- -------------------- ----------------- ---------------- --------------\nTrong khi chờ chương truyện bạn có thể xem trước các truyện khác do mình CV:\nhttps://metruyencv.com/ho-so/1000029",
    "author": "Oạt Nhĩ Chước",
    "cover_url": "https://static.cdnno.com/poster/comic-huyen-tuong-thanh-than/300.jpg?1761552844",
    "main_category_id": 1006,
    "category_ids": [
        2006,
        3051,
        4024
    ],
    "embedded_from": "https://metruyencv.biz",
    "embedded_from_url": "https://metruyencv.biz/truyen/comic-huyen-tuong-thanh-than",
    "comic_status": "Hoàn thành"
}