{
    "title": "Toàn Thành Phố Đều Đang Giúp Ta Tìm Thi Thể",
    "description": "[Huyền nghi+Kinh khủng+Trí đấu+Chiến lược]\nToàn cầu dị biến, bạch mang từ trên trời giáng xuống, Lam Tinh bị phân chia vượt qua 6000 khu khối.\nMỗi tháng đều sẽ có 50 khu sinh ra sự kiện linh dị mới.\n“Lần này sự kiện linh dị có……Tìm tới Trần Tiêu t·hi t·hể?”\nTrần Tiêu cúi đầu nhìn một chút,\nTrống rỗng.\n“Ta c·hết đi?”\n“Vậy ta còn cần hay không tìm, chính ta?”\n(Cái thứ nhất khu vực trật tự chưa sụp đổ, khuynh hướng huyền nghi, nhiều miêu tả nhân đấu. Cái thứ hai khu vực bắt đầu khuynh hướng kinh khủng, chiến lược linh dị)",
    "author": "Kỉ Nhân Đắc Lộc Giai Mộng Ngư",
    "cover_url": "https://static.cdnno.com/poster/toan-thanh-pho-deu-dang-giup-ta-tim-thi-the/300.jpg?1747482076",
    "main_category_id": 1009,
    "category_ids": [
        2006,
        3036
    ],
    "embedded_from": "metruyencv.biz",
    "embedded_from_url": "https://metruyencv.biz/truyen/toan-thanh-pho-deu-dang-giup-ta-tim-thi-the",
    "comic_status": "Còn tiếp"
}