{
    "title": "Cao Võ Càng Muốn Tu Cái Tiên",
    "description": "Một cuốn vô lượng công đức thư, tay cầm Vạn Pháp Nhân Gian Tiên.\nNgươi có khoa học kỹ thuật tàn nhẫn sống, ta có pháp thuật thần thông. Các ngươi luyện võ ta tu tiên, các ngươi làm ác ta làm việc thiện!\nNhân giả vô địch! Ta như vậy đại thiện nhân, thành là thiên hạ đệ nhất chính là thực chí danh quy!\nNhóm lửa nhiệt huyết hợp thành nhân loại văn minh chi quang, chiếu sáng Tinh Thần Đại Hải, trừ sạch u ám dị loại,\nCũng là ta thân là thiên hạ đệ nhất cường giả trách nhiệm!",
    "author": "Đạp Tuyết Chân Nhân",
    "cover_url": "https://static.cdnno.com/poster/cao-vo-cang-muon-tu-cai-tien/300.jpg?1747583625",
    "main_category_id": 1001,
    "category_ids": [
        2002,
        3012,
        4001
    ],
    "embedded_from": "https://metruyencv.biz",
    "embedded_from_url": "https://metruyencv.biz/truyen/cao-vo-cang-muon-tu-cai-tien",
    "comic_status": "Còn tiếp"
}