{
    "title": "Vô Thượng Đế Tộc Dòng Độc Đinh, Ngươi Đây Cũng Dám Từ Hôn?",
    "description": "【 Nhân vật phản diện văn, mỗi cái khí vận chi tử sống không quá chương 10, không thích chớ nhập. 】 Tô Vũ xuyên qua thế giới huyền huyễn, trở thành Thanh Thành Tô nhà đại thiếu. Bắt đầu bị nguyên thân liếm lấy hai năm rưỡi vị hôn thê đâm lưng, thành hôn cùng ngày lại lật lọng hối hôn? Chung cực trùm phản diện hệ thống kích hoạt thành công! “Kí chủ thành công giải phong vô thượng thể chất —— Thái Hư kiếm thể!” “Kí chủ thành công thu hồi phong ấn ký ức!” Bị phong ấn thể chất cùng ký ức thức tỉnh! Nguyên lai thân phận chân thật của ta đúng là vô thượng đế tộc trưởng tôn, ở hạ giới chỉ là lịch luyện? Nói ta không tu luyện thể chất? Danh xưng công phạt đệ nhất Thái Hư kiếm thể tìm hiểu một chút? Ỷ thế h·iếp người, muốn diệt ta Tô gia? Thượng giới cấm kỵ đế tộc Tô gia: “Ngươi nói cái gì?”....... “Kí chủ đối vị hôn thê tiến hành nhân đạo hủy diệt, thu hoạch được Thái Cổ ngộ đạo!” “Kí chủ c·ướp đoạt khí vận chi tử cơ duyên, đoạt khí vận chi tử đạo lữ, đánh g·iết khí vận chi tử, thu hoạch được thôn thiên ma công!” Thần Thể đã là vô địch lộ, nhiều cái hệ thống nhiều con đường! Từ đây, Tô Vũ mở ra một đường quét ngang, đúc thành vô địch đế lộ! Ma đồng, Đạo tử? Một tay trấn áp! Thánh Nữ, Thần Nữ? Một ngón tay liền có thể nhường ngươi oa oa gọi!",
    "author": "Chi Sĩ Hắc Đào",
    "cover_url": "https://static.cdnno.com/poster/vo-thuong-de-toc-dong-doc-dinh-nguoi-day-cung-dam-tu-hon/300.jpg?1742556794",
    "main_category_id": 1002,
    "category_ids": [
        2002,
        3001,
        4001
    ],
    "embedded_from": "metruyencv.biz",
    "embedded_from_url": "https://metruyencv.biz/truyen/vo-thuong-de-toc-dong-doc-dinh-nguoi-day-cung-dam-tu-hon",
    "comic_status": "Còn tiếp"
}