{
    "title": "Ta Tại Trong Chư Thần Trò Chơi Giết Điên Rồi",
    "description": "Chư thần sáng tạo tiến hóa trò chơi phủ xuống, người chơi sinh ra, quái vật xuất hiện, vô số thế giới bị liên lụy.\nCó người tiến hóa xuất siêu năng lực, thành siêu nhân người chơi;\nCó người tiến hóa thành yêu quái, thành á nhân người chơi;\nCòn có người tiến hóa ra tu tiên tư chất, thành tiên nhân người chơi;\nTào Ngộ từ người chơi huấn luyện học viện tốt nghiệp, gặp phải tam đại người chơi con đường lựa chọn vấn đề.\nCác đồng học đều tại làm cược chó, cược chính mình có thể tiến hóa xuất siêu năng lực.\nTào Ngộ cũng đang đánh cược.\nTiếp đó,\nHắn tiến hóa ra hệ thống.\n[ tối cường người chơi 1.0 ]\n[ siêu năng lực thương thành đã mở ra ]\n[ huyết thống thương thành đã mở ra ]\n[ tiên đạo thương thành đã mở ra ]\n[ thành tựu hệ thống đã mở ra ]\n\"... A?\"\nThế là, nguyên bản dự định đi cẩu đạo lưu Tào Ngộ, biến đổi phong cách.\nTrong người chơi có sói, trong phó bản có tai, nhân loại cao tầng bên trong có ác... Tiến hóa trò chơi mang đến vô số yêu ma quỷ quái, Tào Ngộ thì giơ lên đao.\n\"Kiệt kiệt, ngươi cầu ta ta cũng sẽ không bỏ qua ngươi!\"\n\"Ta lười đến cùng các ngươi giảng đạo lý, c·hết hết cho ta!\"\n\"Huyên thuyên ồn ào quá, cùng ta siêu năng lực đi nói a!\"\n\"Ta chính là thiên mệnh!\"",
    "author": "Mãng Sơn Lạc Thiết Đầu",
    "cover_url": "https://static.cdnno.com/poster/ta-tai-trong-chu-than-tro-choi-giet-dien-roi/300.jpg?1757055769",
    "main_category_id": 1012,
    "category_ids": [
        2002,
        3049,
        4001
    ],
    "embedded_from": "metruyencv.biz",
    "embedded_from_url": "https://metruyencv.biz/truyen/ta-tai-trong-chu-than-tro-choi-giet-dien-roi",
    "comic_status": "Còn tiếp"
}