{
    "title": "Cao Võ: Thân Là Người Đứng Đắn, Ta Cũng Không Phải Ma Tu",
    "description": "\"Quái vật đều đáng c·hết sao?\"\nNgười bình thường: \"Bọn chúng bất tử, ngươi c·hết?\"\nNgu Thắng: \"Ngươi nói là yêu thú vẫn là tà ma?\nNếu là yêu thú, ta chỉ có thể nói, chất thịt căng đầy, cảm giác max điểm.\"\n\"Nếu là tà ma. . .\"\n\"Cảm tạ thiên nhiên quà tặng!\"\nXuân Hoa Thu Nguyệt khi nào, chuyện cũ biết bao nhiêu.\nNhân Hoàng Phiên, Vạn Hồn chú, khôi lỗi g·iết, tâm ma dẫn.\nTa, Ngu Thắng, người đứng đắn, cũng không phải ma tu!\nNgu Thắng: \"Ta cả đời này như bước băng mỏng, ngươi nói ta còn có thể đi đến bờ bên kia sao?\"\nĐối mặt cường địch, pháo hoả tiễn bao trùm, thảm thức oanh tạc.\nĐối mặt nhỏ yếu, ta đi lên chính là một bàn tay!\nTây bắc Ác Thi quấy phá, \"Để Ngu Thắng đi! Hắn chơi hoa!\"\nTây Nam Hoàng Bì Tử quần thể Thảo Phong, \"Để Ngu Thắng đi! Hắn nhất không là người!\"\n\"Đi, hôm nay hút 1 vạn cái oán linh! Đem Vạn Hồn Phiên bổ đầy!\"\n\"Ta lập lại một lần, đây là Nhân Hoàng Phiên, không phải Vạn Hồn Phiên!\"\n\"Nhà ai Nhân Hoàng Phiên Khố Khố bốc lên khói đen!\"\nThế giới cô lập ta, mặc nó chế nhạo.\n\"Được rồi, việc đã đến nước này, không phải là đúng sai ta đã mất tâm phân biệt.\"\n\"Vạn quỷ phệ hồn đại trận, lên cho ta!\"",
    "author": "Bách Thắng Khả Lạc",
    "cover_url": "https://static.cdnno.com/poster/cao-vo-than-la-nguoi-dung-dan-ta-cung-khong-phai-ma-tu/300.jpg?1752806157",
    "main_category_id": 1005,
    "category_ids": [
        2002,
        3004,
        4028
    ],
    "embedded_from": "metruyencv.biz",
    "embedded_from_url": "https://metruyencv.biz/truyen/cao-vo-than-la-nguoi-dung-dan-ta-cung-khong-phai-ma-tu",
    "comic_status": "Còn tiếp"
}