{
    "title": "Mỗi Giây Một Khô Lâu Binh, Ta Là Vong Linh Thiên Tai",
    "description": "Tên khác: Thần Cấp Triệu Hoán Sư: Ta Xây Dựng Quân Đoàn Vô Địch!\nVăn án:\nThế giới bị trò chơi giáng lâm, quái thú tung hoành, thần ma hiện thế — chỉ cường giả mới nắm được vận mệnh!\nThiên tài Lâm Dật lại biến thành phế vật triệu hoán sư, nhưng vận mệnh xoay chuyển khi ba loại thần cấp thiên phú đồng thời thức tỉnh!\n【Vô Hạn Triệu Hoán】, 【Thuộc Tính C·ướp Đoạt】, 【Trang Bị Giao Phó】 — ba kỹ năng nghịch thiên giúp hắn dựng nên vô địch quân đoàn, chiến đâu thắng đó!\nKhi hắn tung một chưởng diệt Thâm Uyên Lĩnh Chủ, toàn thế giới chấn động - Lâm Dật, kẻ mà thần ma cũng phải kính sợ!",
    "author": "Bán Chỉ Khảo Trư Đề",
    "cover_url": "https://static.cdnno.com/poster/moi-giay-mot-kho-lau-binh-ta-la-vong-linh-thien-tai/300.jpg?1762003578",
    "main_category_id": 1004,
    "category_ids": [
        2007,
        3004,
        4028
    ],
    "embedded_from": "metruyencv.biz",
    "embedded_from_url": "https://metruyencv.biz/truyen/moi-giay-mot-kho-lau-binh-ta-la-vong-linh-thien-tai",
    "comic_status": "Còn tiếp"
}