{
    "title": "Chuyện Về Hồng Long Chuyển Sinh Bị Long Nương Xấu Xa Thu Làm Đồ Đệ",
    "description": "( dị thú lưu + tây huyễn + làm ruộng + báo thù + tiểu thuyết giải trí + thường ngày )\nNgoài ý muốn xuyên qua thế giới khác trở thành dũng giả, lại bị coi là bạn thân nhân loại vương tử tự tay s·át h·ại.\nMay mắn chính là, chuyển sinh làm cường đại long tộc, hồng long.\nTin tức xấu, không có long mẫu, tình huống bình thường cần tiến hành tàn khốc tự nhiên cầu sinh.\nTin tức tốt, không có long mẫu nguyên nhân là bởi vì bị một đầu thủy tinh long thu làm đồ đệ.\nĐược xưng là thủy tinh hiền giả cường đại cự long, muốn mị lực có mị lực, muốn thực lực có thực lực, muốn chính kinh có mị lực cùng thực lực.\nCũng tại chuyển sinh về sau, mới rốt cục khai quật ra bản thân dũng giả kỹ năng: Thu hoạch được có được thủ lĩnh xưng hào sinh vật tán thành, có thể đạt được hắn một hạng kỹ năng thiên phú!\nCó đầy đủ lực lượng, Gnaza từng bước một hướng phía mục tiêu của mình tiến lên, g·iết tới người kia trước mặt, chất vấn hắn tại sao phải như thế đối đãi mình!\n. . .\nCùng lúc đó, còn có hai cái kỳ lạ tiểu sư muội.\nKim long tộc công chúa, hoạt bát đáng yêu còn có chút hỏng. (O⩊O)\nBiến dị bạch long tộc, cực cao trí tuệ nhưng có chút ngốc. (ᗜ△ᗜ)\nMà ta! Hồng long vương con trai, trời sinh truyền kỳ, đại biểu chính nghĩa dũng giả chỗ chuyển sinh, tương lai đốt cháy thế giới long, hoàng minh đế quân... Gnaza!",
    "author": "Trạch Gia",
    "cover_url": "https://static.cdnno.com/poster/chuyen-ve-hong-long-chuyen-sinh-bi-long-nuong-xau-xa-thu-lam-do-de/300.jpg?1755966232",
    "main_category_id": 1002,
    "category_ids": [
        2005,
        3005,
        4010
    ],
    "embedded_from": "https://metruyencv.biz",
    "embedded_from_url": "https://metruyencv.biz/truyen/chuyen-ve-hong-long-chuyen-sinh-bi-long-nuong-xau-xa-thu-lam-do-de",
    "comic_status": "Còn tiếp"
}