{
    "title": "Kiếm Đến",
    "description": "Đại thế giới, không thiếu cái lạ.\nTa Trần Bình An, chỉ có một kiếm, có thể bàn sơn, đoạn giang, đảo hải, hàng yêu, trấn ma, sắc thần, trích tinh, tồi thành, khai thiên! —— —— Ta là Trần Bình An,Bình Bình An An Bình An, ta là một tên kiếm khách.\nP/s: Bởi vì ta chán cái cảnh người mới vô đọc chứ than vãn rồi kêu đọc chả hiểu gì nên ta sẽ ghi một vài cái p/s để ai vô sau trước khi đọc nhắm đọc nổi thì đọc không đọc nổi thì out bớt tốn time.\nP/s: Truyện Chống Chỉ Định Cho Người Thích Đọc Truyện yy Và Người Đọc Truyện Mỳ Ăn Liền.\nP/s: Truyện dành cho người kén đọc hay những người không thích những truyện thể loại motip cũ và truyện mỳ ăn liền.\nP/s: Review và cảm nhận của bạn Diệp Tu trong 100 chương đầu : https://pastebin.com/Xbvtq1af\nP/s: Reivew Kiếm Đến : https://pastebin.com/S4jE7CJm\nP/s: Cảm Nghĩ Của Lão Tổng Quản : https://pastebin.com/4sb6Mm5S\nP/s: Đánh giá của nhà bình luận truyện bên TQ : https://pastebin.com/r95B63SS\n--- Những cái p/s ở trên nên đọc để hiểu hơn về truyện, ít ra đọc sẽ đỡ bở ngỡ hơn, vì quyển một được gọi là ác mộng tân thủ thôn ( ai đọc yy nhiều là ngu người luôn )\nQuyển thứ nhất lồng trong tước : từ chương 1 đến chương 84\nQuyển thứ hai sơn thủy lang : từ chương 85 đến chương 178\nQuyển thứ ba tiền thác đao : từ chương 179 đến chương 238\nQuyển thứ tư kiếm khí gần : từ chương 239 đến chương 295\nQuyển thứ năm đạo quán đạo : từ chương 296 đến chương 359\nQuyển thứ sáu nhỏ phu tử : từ chương 360 đến chương 455\nQuyển thứ bảy rồng ngẩng đầu : từ chương 456 đến chương 516\nQuyển thứ tám nghĩ ngây thơ : từ chương 517 đến 571\nQuyển thứ chín trên trời trăng : từ chương 572 đến .... Giá sách",
    "author": "Phong Hỏa Hí Chư Hầu",
    "cover_url": "https://static.cdnno.com/poster/kiem-den/300.jpg?1734442811",
    "main_category_id": 1001,
    "category_ids": [
        3015,
        2005,
        4006
    ],
    "embedded_from": "metruyencv.biz",
    "embedded_from_url": "https://metruyencv.biz/truyen/kiem-den",
    "comic_status": "Tạm dừng"
}