{
    "title": "Những Năm Tháng Oanh Liệt Của Tôi",
    "description": "Ai thanh xuân không phải một chỗ gà mao, ta vốn chính là cái con riêng, mụ mụ còn không rõ không bạch cùng cái người có vợ c·hết tại bên trong xe.\nNhờ có Quân Di vì ta chống lên một mảnh bầu trời, vì nàng, ta có thể không nhìn các loại giáo hoa, chỗ làm việc bạch lĩnh, đại gia khuê tú, tiểu gia bích ngọc.\nNhưng Quân Di chỉ nói qua, thi đậu 985 liền để ta làm nam nhân chân chính.\nĐây không phải ta muốn, ta muốn cùng nàng gần nhau cả đời, vì cái này ta vươn lên hùng mạnh.\nNhưng Quân Di...",
    "author": "Ngưu Bất Dịch",
    "cover_url": "https://static.cdnno.com/poster/nhung-nam-thang-oanh-liet-cua-toi/300.jpg?1752297986",
    "main_category_id": 1005,
    "category_ids": [
        3017
    ],
    "embedded_from": "metruyencv.biz",
    "embedded_from_url": "https://metruyencv.biz/truyen/nhung-nam-thang-oanh-liet-cua-toi",
    "comic_status": "Còn tiếp"
}