{
    "title": "Hồng Hoang: Vừa Thành Thi Tổ, Ngươi Để Cho Ta Mắng Tỉnh Nữ Oa",
    "description": "Nhân tộc gặp phải Yêu tộc tàn sát, vô số thi hài chồng chất thành núi, máu tươi nhuộm đỏ đại địa, tại Nhân tộc tuyệt vọng nhất thời khắc, một đạo cột ánh sáng màu máu từ trên trời giáng xuống. Khi cột ánh sáng màu máu bao phủ tại chồng chất thành núi thi hài lúc, một vị thiếu niên từ trong cột ánh sáng màu máu xuất hiện.\n“Tên ta Khương Thần, từ Nhân tộc trong thi hài sinh ra, khi hộ Nhân tộc vạn thế thái bình, phạm nhân tộc người, c·hết!”\nKhi Yêu tộc bị Khương Thần tàn sát lúc, Nữ Oa lại đi ra ngăn cản hắn tàn sát Yêu tộc, nhưng có được Thần cấp vận mệnh lựa chọn hệ thống Khương Thần, há lại sẽ e ngại Nữ Oa. Đầu tiên là Nữ Oa bị Khương Thần thống mạ một trận, ngay sau đó Thái Thanh cũng nhận đồng dạng đãi ngộ. Nhưng ngay tại Thái Thanh muốn động thủ gạt bỏ Khương Thần lúc, lại phát hiện chính mình làm sao cũng vô pháp g·iết c·hết đối phương.\n“Lão tạp mao, ta liền thích ngươi nhìn ta khó chịu, lại g·iết không được nét mặt của ta, đến vung ta nha! Đến vung ta nha!”\nThái Thanh: “Lão sư ngài mau ra đây quản quản Khương Thần, đồ nhi Nhân giáo không có, còn bị đuổi theo mắng mười đầu đường phố, đồ nhi số khổ a!”\nHồng Quân: “Đồ nhi, vi sư cũng nghĩ quản, nhưng vi sư cũng là hữu tâm vô lực, hắn Khương Thần g·iết không c·hết, còn không trấn áp được, vi sư Tử Tiêu Cung đều bị phá hủy một lần, ngươi tự cầu phúc đi!”\nHậu Thổ: “Từ khi biết Khương Thần sau, ta mới biết được cái gì mới là cứng rắn nhất nam nhân.”\nThường Hi: “Khương Thần ca ca, tỷ tỷ nói nàng hối hận lúc trước không có lựa chọn ngươi, hỏi ngươi hiện tại còn nguyện ý muốn nàng không?”\nKhương Thần: “Người khác giày ta không mặc, trượt trượt.”",
    "author": "Đoạn Yến",
    "cover_url": "https://static.cdnno.com/poster/hong-hoang-vua-thanh-thi-to-nguoi-de-cho-ta-mang-tinh-nu-oa/300.jpg?1747822656",
    "main_category_id": 1002,
    "category_ids": [
        2002,
        3016,
        4001
    ],
    "embedded_from": "metruyencv.biz",
    "embedded_from_url": "https://metruyencv.biz/truyen/hong-hoang-vua-thanh-thi-to-nguoi-de-cho-ta-mang-tinh-nu-oa",
    "comic_status": "Còn tiếp"
}