{
    "title": "Bắt Đầu Long Tượng Bàn Nhược Công, Ta Muốn Giết Xuyên Thế Giới!",
    "description": "Đây là cái võ đạo thông thần thế giới.\nLục Thiếu Du, vốn là một núi thôn thiếu niên, một ngày mã tặc g·iết thôn, hắn thế mà tại t·ruy s·át bên dưới, thức tỉnh trí nhớ kiếp trước, đồng thời thu hoạch được g·iết chóc hệ thống.\nGiết địch liền có thể mạnh lên, đơn giản trực tiếp hệ thống, để Lục Thiếu Du nhìn thấy báo thù cơ hội, đồng thời từ đây bước lên một đầu võ đạo thông thần con đường.\nTừ đó, trăm năm thế gia, ngàn năm hoàng triều, vạn cổ thánh địa, phương thế giới này bí mật hiện ra ở Lục Thiếu Du trước mắt.\nLong Tượng Bàn Nhược Công → Thái Cổ Long Tượng Trấn Ngục kinh → Nguyên Sơ Long Tượng Bản Nguyên Đạo.\nCái gọi là thiên kiêu thánh tử, người mang thánh thể, ở trước mặt ta, bất quá là hơi cứng rắn đống cát!\nCái gọi là thần triều Đế tử, chấp chưởng thần thể, trong mắt của ta, chỉ là tương đối lớn sâu kiến!\nLàm Lục Thiếu Du 'Nguyên Sơ Long Tượng Bản Nguyên Đạo' đại thành ngày, chư thiên thần ma phủ phục, vạn giới pháp tắc gào thét!\n\"Ta một quyền này, có thể trấn áp địa ngục, nhưng đánh xuyên thế giới, ngươi, có thể đỡ được sao? !\"\nHắn nhục thân, chính là tối cường pháp bảo!\nMáu của hắn, chính là vô thượng thần dược!\nNắm đấm của hắn, chính là duy nhất chân lý!\n\"Thế gian tất cả thể chất, đều là giả vọng! Duy ta long tượng, tuyên cổ vĩnh tồn!\"\n\"Một thế này, ta nên g·iết xuyên chư thiên vạn giới, lấy ức vạn thần ma chi cốt, đúc thành bất hủ thần tọa!\"",
    "author": "Ôn Trà Chi",
    "cover_url": "https://static.cdnno.com/poster/bat-dau-long-tuong-ban-nhuoc-cong-ta-muon-giet-xuyen-the-gioi/300.jpg?1752045439",
    "main_category_id": 1002,
    "category_ids": [
        2005,
        3001,
        4001,
        5001
    ],
    "embedded_from": "https://metruyencv.biz",
    "embedded_from_url": "https://metruyencv.biz/truyen/bat-dau-long-tuong-ban-nhuoc-cong-ta-muon-giet-xuyen-the-gioi",
    "comic_status": "Còn tiếp"
}