{
    "title": "Đấu Giá Hồng Mông Tử Khí, Hắc Ám Chí Tôn Điên Cuồng!",
    "description": "Cố Sanh xuyên việt mà đến, thu được một tòa Tạo Hóa Tiên Các.\nTạo Hóa Tiên Các bên trong, chư thiên vạn giới các loại công pháp, thần thông, bảo vật, không thiếu gì cả, một trận bao phủ 3000 thế giới đấu giá hội cũng theo đó mở màn!\nMọi người cũng điên cuồng!\nCửu Lê hoàng triều nữ đế: \"Ta vì Thiên Cổ nữ đế, hôm nay bên trong cái này Chí Tôn cốt trừ ta ra không còn có thể là ai khác!\"\nDao Trì thánh địa thánh nữ: \"Cái này 《 Vô Thủy Kinh 》 có thể hay không cho muội muội một cái cơ hội, cũng không cần cầm lấy đi đấu giá, không phải vậy ta sẽ đau lòng ca ca quá mệt mỏi đâu!\"\nTây Vực Phật Tông Chuẩn Đế: \"Nếu là có thể đạt được thanh này tuyệt thế đế binh, bần tăng làm có thể thành tựu Đại Đế chi vị!\"\nSinh mệnh cấm khu chi chủ: \"Ta sống mấy trăm vạn năm, chưa từng đợi đến thành tiên lộ mở ra, hôm nay bên trong tại cái này Tạo Hóa Tiên Các phát hiện thành tiên tư cách!\" . . .",
    "author": "Nhất Kiếm Kiêu Thú",
    "cover_url": "https://static.cdnno.com/poster/dau-gia-hong-mong-tu-khi-hac-am-chi-ton-dien-cuong/300.jpg?1732758196",
    "main_category_id": 1002,
    "category_ids": [
        2006,
        3001,
        4001,
        5001
    ],
    "embedded_from": "https://metruyencv.biz",
    "embedded_from_url": "https://metruyencv.biz/truyen/dau-gia-hong-mong-tu-khi-hac-am-chi-ton-dien-cuong",
    "comic_status": "Còn tiếp"
}