{
    "title": "Từ Lãnh Chúa Thế Giới Chuyển Sinh Đến Tu Tiên Thế Giới",
    "description": "Một giây trước ta tại lãnh chúa thế giới bị người đ·ánh c·hết, một giây sau ta liền chuyển thế đến tu tiên giới, lãnh địa cũng theo tới...\nThần kỳ hơn chính là, lãnh địa còn cùng không gian đan điền của ta dung hợp tại một chỗ.\nNgười khác tân tân khổ khổ tu luyện, ta tại đan điền trong không gian triệu hoán lĩnh dân, đánh quái liền có thể thăng cấp...\nPháp thuật không dễ tu luyện?\nTa tất cả pháp thuật đều có thể chuyển hóa thành đặc thù lãnh địa bản vẽ, thí dụ như Ngự Phong Thuật có thể chuyển hóa thành gió lớn cờ, gió lớn cờ chế tạo ra lúc tới, liền là ta Ngự Phong Thuật luyện thành thời điểm.\nPháp bảo không tốt tế luyện?\nTa có một cây Vạn Hồn Phiên, treo trong lãnh địa, tất cả lĩnh dân sau khi chiến tử, gọi một tiếng hồn trở về đi, đám lĩnh dân hồn phách liền sẽ hưng phấn xông vào Vạn Hồn Phiên, đời đời kiếp kiếp vĩnh viễn đi theo!\nCòn có còn có...",
    "author": "Đại Ngư Hựu Bàn Liễu",
    "cover_url": "https://static.cdnno.com/poster/tu-lanh-chua-the-gioi-chuyen-sinh-den-tu-tien-the-gioi/300.jpg?1759719579",
    "main_category_id": 1002,
    "category_ids": [
        2001,
        3001,
        4007
    ],
    "embedded_from": "metruyencv.biz",
    "embedded_from_url": "https://metruyencv.biz/truyen/tu-lanh-chua-the-gioi-chuyen-sinh-den-tu-tien-the-gioi",
    "comic_status": "Còn tiếp"
}