{
    "title": "Sư Tôn, Ngươi Còn Nói Đây Không Phải Song Tu Pháp?",
    "description": "【 Nhiều nữ chủ + sát phạt quả đoán + mỹ nữ sư tôn + sướng rên 】\nTiêu Lăng Trần thức tỉnh thuần dương thánh thể, còn được mỹ nữ sư tôn truyền thụ cho âm dương tạo hóa quyết.\n“Âm dương tạo hóa quyết? Sư tôn, công pháp này làm sao nghe tới không quá chính kinh.....”\n“Không có chuyện, đồ nhi chuyên tâm tu luyện chính là.”\nNhưng mà, theo âm dương tạo hóa quyết tu luyện được càm thêm xâm nhập, Tiêu Lăng Trần lại phát hiện bên người yêu nữ, ma nữ, tiên nữ càng ngày càng nhiều, mỗi cái đều vì hắn khuynh đảo.\n“Sư tôn! Ngươi còn nói đây không phải song tu pháp?”",
    "author": "Một Chá Bút Tiểu Tân",
    "cover_url": "https://static.cdnno.com/poster/su-ton-nguoi-con-noi-day-khong-phai-song-tu-phap/300.jpg?1728530801",
    "main_category_id": 1001,
    "category_ids": [
        2005,
        3001,
        4037
    ],
    "embedded_from": "metruyencv.biz",
    "embedded_from_url": "https://metruyencv.biz/truyen/su-ton-nguoi-con-noi-day-khong-phai-song-tu-phap",
    "comic_status": "Còn tiếp"
}