{
    "title": "Bắt Đầu Thánh Địa Đạo Tử, Ngươi Để Cho Ta Đi Phế Vật Lưu?",
    "description": "(thiên tài tu tiên, sát phạt quả đoán, nhẹ nhõm hướng, hệ thống, giả heo ăn thịt hổ, h·ành h·ạ người mới thánh thủ, nổ cá Thiên tôn, nhiều nữ)\nXuyên qua tiên hiệp thế giới, Tề Nguyên mặc dù không có thức tỉnh ra kim thủ chỉ, nhưng cũng thuận buồm xuôi gió thuận dòng, một năm Trúc Cơ, ba năm kết đan, bằng vào tuyệt thế thiên tư oanh động Thái Huyền thánh địa, tuổi còn trẻ liền lên làm thánh địa đạo tử, địa vị tôn sùng, danh tiếng vô lượng.\nThẳng đến ngày nào đó xuất hiện một cái kỳ hoa hệ thống:\n【 mời túc chủ trong vòng ba ngày đánh bại Hắc Hổ bang đường chủ Từ Bưu (tu vi: Luyện khí ba tầng)(nhiệm vụ độ khó: Bốn khỏa tinh) 】\nNhìn xem phế vật nghịch tập hệ thống ban bố nhiệm vụ thứ nhất, vừa mới lên làm thánh địa đạo tử, Kim Đan viên mãn Tề Nguyên có chút choáng váng: \"Hệ thống, ngươi có phải hay không tìm nhầm người, ta đường đường Kim Đan đạo tử, ngươi để cho ta đi khi dễ một cái luyện khí?\"\n\"Kinh nghiệm chứng, túc chủ thân phận chuẩn xác không sai\"\n\"Thế nhưng là, nhiệm vụ này cũng quá đơn giản đi, ta phái cái tiểu đệ tiểu đệ đều có thể đem mục tiêu đánh ra liệng tới. . . .\"\n\"Kinh nghiệm chứng , nhiệm vụ nội dung chuẩn xác không sai\"\n\"Tốt a, ta đi thử xem.\"\nTừ đây, tu tiên giới nhiều một cái không nói tiên đức yêu nghiệt đạo tử. . . .\nThánh địa chưởng môn: \"Bản tọa ở đây trịnh trọng tuyên bố, cái kia Hỗn Thế Ma Vương cùng nhà ta đạo tử chỉ là danh tự giống nhau mà thôi, tuyệt không là cùng một người, như lại có người tản lời đồn, chúng ta Thái Huyền thánh địa chắc chắn truy cứu tới cùng.\"\nThụ hại khổ chủ: \"Không phải, vì sao muốn đoạt đạo lữ của ta, chính ngươi không có a?\"\nMa tông lão tổ: \"Ngươi cũng phi thăng, còn chuyên môn xuống tới đối phó ta một cái Đại Thừa cảnh lão nhân gia, cái này được không? Cái này không được!\"",
    "author": "Đông Đại Nhai Nhất Bá",
    "cover_url": "https://static.cdnno.com/poster/bat-dau-thanh-dia-dao-tu-nguoi-de-cho-ta-di-phe-vat-luu/300.jpg?1731740373",
    "main_category_id": 1002,
    "category_ids": [
        2003,
        3001,
        4037,
        5001
    ],
    "embedded_from": "https://metruyencv.biz",
    "embedded_from_url": "https://metruyencv.biz/truyen/bat-dau-thanh-dia-dao-tu-nguoi-de-cho-ta-di-phe-vat-luu",
    "comic_status": "Còn tiếp"
}